Date/Time,Step Count (count),Source
2018-05-24 12:00:00 AM,5783,iPhone
2018-05-25 12:00:00 AM,15467,iPhone
2018-05-26 12:00:00 AM,2838,iPhone
2018-05-27 12:00:00 AM,3546,iPhone
2018-05-28 12:00:00 AM,7360,iPhone
2018-05-29 12:00:00 AM,4085,iPhone
2018-05-30 12:00:00 AM,4517,iPhone
2018-05-31 12:00:00 AM,7947,iPhone
2018-06-01 12:00:00 AM,6694,iPhone
2018-06-02 12:00:00 AM,16275,iPhone
2018-06-03 12:00:00 AM,688,iPhone
2018-06-04 12:00:00 AM,14659,iPhone
2018-06-05 12:00:00 AM,13995,iPhone
2018-06-06 12:00:00 AM,7259,iPhone
2018-06-07 12:00:00 AM,7315,iPhone
2018-06-08 12:00:00 AM,7127,iPhone
2018-06-09 12:00:00 AM,11288,iPhone
2018-06-10 12:00:00 AM,8193,iPhone
2018-06-11 12:00:00 AM,16579,iPhone
2018-06-12 12:00:00 AM,12436,iPhone
2018-06-13 12:00:00 AM,16935,iPhone
2018-06-14 12:00:00 AM,14745,iPhone
2018-06-15 12:00:00 AM,12248,iPhone
2018-06-16 12:00:00 AM,19129,iPhone
2018-06-17 12:00:00 AM,11955,iPhone
2018-06-18 12:00:00 AM,18166,iPhone
2018-06-19 12:00:00 AM,25944,iPhone
2018-06-20 12:00:00 AM,5184,iPhone
2018-06-21 12:00:00 AM,14271,iPhone
2018-06-22 12:00:00 AM,13391,iPhone
2018-06-23 12:00:00 AM,1162,iPhone
2018-06-24 12:00:00 AM,14492,iPhone
2018-06-25 12:00:00 AM,16438,iPhone
2018-06-26 12:00:00 AM,11257,iPhone
2018-06-27 12:00:00 AM,5393,iPhone
2018-06-28 12:00:00 AM,13807,iPhone
2018-06-29 12:00:00 AM,6447,iPhone
2018-06-30 12:00:00 AM,6901,iPhone
2018-07-01 12:00:00 AM,1882,iPhone
2018-07-02 12:00:00 AM,10847,iPhone
2018-07-03 12:00:00 AM,20986,iPhone
2018-07-04 12:00:00 AM,10838,iPhone
2018-07-05 12:00:00 AM,16955,iPhone
2018-07-06 12:00:00 AM,10037,iPhone
2018-07-07 12:00:00 AM,1366,iPhone
2018-07-08 12:00:00 AM,14924,iPhone
2018-07-09 12:00:00 AM,11968,iPhone
2018-07-10 12:00:00 AM,11570,iPhone
2018-07-11 12:00:00 AM,3905,iPhone
2018-07-12 12:00:00 AM,18287,iPhone
2018-07-13 12:00:00 AM,4705,iPhone
2018-07-14 12:00:00 AM,16652,iPhone
2018-07-15 12:00:00 AM,21857,iPhone
2018-07-16 12:00:00 AM,9605,iPhone
2018-07-17 12:00:00 AM,13563,iPhone
2018-07-18 12:00:00 AM,11950,iPhone
2018-07-19 12:00:00 AM,13377,iPhone
2018-07-20 12:00:00 AM,20389,iPhone
2018-07-21 12:00:00 AM,5410,iPhone
2018-07-22 12:00:00 AM,5504,iPhone
2018-07-23 12:00:00 AM,6489,iPhone
2018-07-24 12:00:00 AM,2687,iPhone
2018-07-25 12:00:00 AM,2222,iPhone
2018-07-26 12:00:00 AM,9023,iPhone
2018-07-27 12:00:00 AM,4759,iPhone
2018-07-28 12:00:00 AM,4886,iPhone
2018-07-29 12:00:00 AM,6736,iPhone
2018-07-30 12:00:00 AM,1946,iPhone
2018-07-31 12:00:00 AM,7001,iPhone
2018-08-01 12:00:00 AM,4500,iPhone
2018-08-02 12:00:00 AM,4321,iPhone
2018-08-03 12:00:00 AM,15795,iPhone
2018-08-04 12:00:00 AM,3231,iPhone
2018-08-05 12:00:00 AM,3744,iPhone
2018-08-06 12:00:00 AM,3170,iPhone
2018-08-07 12:00:00 AM,12576,iPhone
2018-08-08 12:00:00 AM,9830,iPhone
2018-08-09 12:00:00 AM,7884,iPhone
2018-08-10 12:00:00 AM,8060,iPhone
2018-08-11 12:00:00 AM,9018,iPhone
2018-08-12 12:00:00 AM,12151,iPhone
2018-08-13 12:00:00 AM,12247,iPhone
2018-08-14 12:00:00 AM,15182,iPhone
2018-08-15 12:00:00 AM,6229,iPhone
2018-08-16 12:00:00 AM,14461,iPhone
2018-08-17 12:00:00 AM,6033,iPhone
2018-08-18 12:00:00 AM,7670,iPhone
2018-08-19 12:00:00 AM,2673,iPhone
2018-08-20 12:00:00 AM,8208,iPhone
2018-08-21 12:00:00 AM,8554,iPhone
2018-08-22 12:00:00 AM,7740,iPhone
2018-08-23 12:00:00 AM,8340,iPhone
2018-08-24 12:00:00 AM,10761,iPhone
2018-08-25 12:00:00 AM,7195,iPhone
2018-08-26 12:00:00 AM,3489,iPhone
2018-08-27 12:00:00 AM,14063,iPhone
2018-08-28 12:00:00 AM,10299,iPhone
2018-08-29 12:00:00 AM,11420,iPhone
2018-08-30 12:00:00 AM,4866,iPhone
2018-08-31 12:00:00 AM,3672,iPhone
2018-09-01 12:00:00 AM,21353,iPhone
2018-09-02 12:00:00 AM,3155,iPhone
2018-09-03 12:00:00 AM,7688,iPhone
2018-09-04 12:00:00 AM,10555,iPhone
2018-09-05 12:00:00 AM,5292,iPhone
2018-09-06 12:00:00 AM,5731,iPhone
2018-09-07 12:00:00 AM,8021,iPhone
2018-09-08 12:00:00 AM,9317,iPhone
2018-09-09 12:00:00 AM,7322,iPhone
2018-09-10 12:00:00 AM,7893,iPhone
2018-09-11 12:00:00 AM,7123,iPhone
2018-09-12 12:00:00 AM,10291,iPhone
2018-09-13 12:00:00 AM,5883,iPhone
2018-09-14 12:00:00 AM,9474,iPhone
2018-09-15 12:00:00 AM,10055,iPhone
2018-09-16 12:00:00 AM,8656,iPhone
2018-09-17 12:00:00 AM,8647,iPhone
2018-09-18 12:00:00 AM,9803,iPhone
2018-09-19 12:00:00 AM,7588,iPhone
2018-09-20 12:00:00 AM,8739,iPhone
2018-09-21 12:00:00 AM,6821,iPhone
2018-09-22 12:00:00 AM,5709,iPhone
2018-09-23 12:00:00 AM,5326,iPhone
2018-09-24 12:00:00 AM,7621,iPhone
2018-09-25 12:00:00 AM,4922,iPhone
2018-09-26 12:00:00 AM,5708,iPhone
2018-09-27 12:00:00 AM,4744,iPhone
2018-09-28 12:00:00 AM,11676,iPhone
2018-09-29 12:00:00 AM,10123,iPhone
2018-09-30 12:00:00 AM,4036,iPhone
2018-10-01 12:00:00 AM,9522,iPhone
2018-10-02 12:00:00 AM,7233,iPhone
2018-10-03 12:00:00 AM,3633,iPhone
2018-10-04 12:00:00 AM,4660,iPhone
2018-10-05 12:00:00 AM,13649,iPhone
2018-10-06 12:00:00 AM,4380,iPhone
2018-10-07 12:00:00 AM,12959,iPhone
2018-10-08 12:00:00 AM,5741,iPhone
2018-10-09 12:00:00 AM,2698,iPhone
2018-10-10 12:00:00 AM,4255,iPhone
2018-10-11 12:00:00 AM,4255,iPhone
2018-10-12 12:00:00 AM,4255,iPhone
2018-10-13 12:00:00 AM,5553,iPhone
2018-10-14 12:00:00 AM,2473,iPhone
2018-10-15 12:00:00 AM,5247,iPhone
2018-10-16 12:00:00 AM,5194,iPhone
2018-10-17 12:00:00 AM,9913,iPhone
2018-10-18 12:00:00 AM,7471,iPhone
2018-10-19 12:00:00 AM,8962,iPhone
2018-10-20 12:00:00 AM,8962,iPhone
2018-10-21 12:00:00 AM,8962,iPhone
2018-10-22 12:00:00 AM,8962,iPhone
2018-10-23 12:00:00 AM,8962,iPhone
2018-10-24 12:00:00 AM,8962,iPhone
2018-10-25 12:00:00 AM,10244,iPhone
2018-10-26 12:00:00 AM,10728,iPhone
2018-10-27 12:00:00 AM,13032,iPhone
2018-10-28 12:00:00 AM,4651,iPhone
2018-10-29 12:00:00 AM,7482,iPhone
2018-10-30 12:00:00 AM,7482,iPhone
2018-10-31 12:00:00 AM,7506,iPhone
2018-11-01 12:00:00 AM,8096,iPhone
2018-11-02 12:00:00 AM,8534,iPhone
2018-11-03 12:00:00 AM,4583,iPhone
2018-11-04 12:00:00 AM,8989,iPhone
2018-11-05 12:00:00 AM,8989,iPhone
2018-11-06 12:00:00 AM,8989,iPhone
2018-11-07 12:00:00 AM,8989,iPhone
2018-11-08 12:00:00 AM,8989,iPhone
2018-11-09 12:00:00 AM,8989,iPhone
2018-11-10 12:00:00 AM,7698,iPhone
2018-11-11 12:00:00 AM,5413,iPhone
2018-11-12 12:00:00 AM,9684,iPhone
2018-11-13 12:00:00 AM,9684,iPhone
2018-11-14 12:00:00 AM,9684,iPhone
2018-11-15 12:00:00 AM,9684,iPhone
2018-11-16 12:00:00 AM,9684,iPhone
2018-11-17 12:00:00 AM,10079,iPhone
2018-11-18 12:00:00 AM,2358,iPhone
2018-11-19 12:00:00 AM,7382,iPhone
2018-11-20 12:00:00 AM,7382,iPhone
2018-11-21 12:00:00 AM,7382,iPhone
2018-11-22 12:00:00 AM,7932,iPhone
2018-11-23 12:00:00 AM,8566,iPhone
2018-11-24 12:00:00 AM,6753,iPhone
2018-11-25 12:00:00 AM,5513,iPhone
2018-11-26 12:00:00 AM,6152,iPhone
2018-11-27 12:00:00 AM,6152,iPhone
2018-11-28 12:00:00 AM,6866,iPhone
2018-11-29 12:00:00 AM,6285,iPhone
2018-11-30 12:00:00 AM,5875,iPhone
2018-12-01 12:00:00 AM,5554,iPhone
2018-12-02 12:00:00 AM,5554,iPhone
2018-12-03 12:00:00 AM,5554,iPhone
2018-12-04 12:00:00 AM,5554,iPhone
2018-12-05 12:00:00 AM,5554,iPhone
2018-12-06 12:00:00 AM,5554,iPhone
2018-12-07 12:00:00 AM,5554,iPhone
2018-12-08 12:00:00 AM,5554,iPhone
2018-12-09 12:00:00 AM,5554,iPhone
2018-12-10 12:00:00 AM,5554,iPhone
2018-12-11 12:00:00 AM,5554,iPhone
2018-12-12 12:00:00 AM,4811,iPhone
2018-12-13 12:00:00 AM,7523,iPhone
2018-12-14 12:00:00 AM,8993,iPhone
2018-12-15 12:00:00 AM,8993,iPhone
2018-12-16 12:00:00 AM,7321,iPhone
2018-12-17 12:00:00 AM,1945,iPhone
2018-12-18 12:00:00 AM,1945,iPhone
2018-12-19 12:00:00 AM,1945,iPhone
2018-12-20 12:00:00 AM,1945,iPhone
2018-12-21 12:00:00 AM,1945,iPhone
2018-12-22 12:00:00 AM,1945,iPhone
2018-12-23 12:00:00 AM,1945,iPhone
2018-12-24 12:00:00 AM,2773,iPhone
2018-12-25 12:00:00 AM,2101,iPhone
2018-12-26 12:00:00 AM,2101,iPhone
2018-12-27 12:00:00 AM,2101,iPhone
2018-12-28 12:00:00 AM,4756,iPhone
2018-12-29 12:00:00 AM,6145,iPhone
2018-12-30 12:00:00 AM,6145,iPhone
2018-12-31 12:00:00 AM,7603,iPhone
2019-01-01 12:00:00 AM,362,iPhone
2019-01-02 12:00:00 AM,15395,iPhone
2019-01-03 12:00:00 AM,9083,iPhone
2019-01-04 12:00:00 AM,676,iPhone
2019-01-05 12:00:00 AM,6131,iPhone
2019-01-06 12:00:00 AM,4095,iPhone
2019-01-07 12:00:00 AM,6002,iPhone
2019-01-08 12:00:00 AM,564,iPhone
2019-01-09 12:00:00 AM,163,iPhone
2019-01-10 12:00:00 AM,5532,iPhone
2019-01-11 12:00:00 AM,511.2,iPhone
2019-01-12 12:00:00 AM,723,iPhone
2019-01-13 12:00:00 AM,6009,iPhone
2019-01-14 12:00:00 AM,3986,iPhone
2019-01-15 12:00:00 AM,5487,iPhone
2019-01-16 12:00:00 AM,4020,iPhone
2019-01-17 12:00:00 AM,6800,iPhone
2019-01-18 12:00:00 AM,13982,iPhone
2019-01-19 12:00:00 AM,9183,iPhone
2019-01-20 12:00:00 AM,3535,iPhone
2019-01-21 12:00:00 AM,7387,iPhone
2019-01-22 12:00:00 AM,11290,iPhone
2019-01-23 12:00:00 AM,5650,iPhone
2019-01-24 12:00:00 AM,6698,iPhone
2019-01-25 12:00:00 AM,7406,iPhone
2019-01-26 12:00:00 AM,11695,iPhone
2019-01-27 12:00:00 AM,16922,iPhone
2019-01-28 12:00:00 AM,6123,iPhone
2019-01-29 12:00:00 AM,10444,iPhone
2019-01-30 12:00:00 AM,5165,iPhone
2019-01-31 12:00:00 AM,7514,iPhone
2019-02-01 12:00:00 AM,12904,iPhone
2019-02-02 12:00:00 AM,3934,iPhone
2019-02-03 12:00:00 AM,10473,iPhone
2019-02-04 12:00:00 AM,4782,iPhone
2019-02-05 12:00:00 AM,11754,iPhone
2019-02-06 12:00:00 AM,5805,iPhone
2019-02-07 12:00:00 AM,7283,iPhone
2019-02-08 12:00:00 AM,10241,iPhone
2019-02-09 12:00:00 AM,13499,iPhone
2019-02-10 12:00:00 AM,1930,iPhone
2019-02-11 12:00:00 AM,6734,iPhone
2019-02-12 12:00:00 AM,6503,iPhone
2019-02-13 12:00:00 AM,4208,iPhone
2019-02-14 12:00:00 AM,9530,iPhone
2019-02-15 12:00:00 AM,7187,iPhone
2019-02-16 12:00:00 AM,7332,iPhone
2019-02-17 12:00:00 AM,11989,iPhone
2019-02-18 12:00:00 AM,3586,iPhone
2019-02-19 12:00:00 AM,4995,iPhone
2019-02-20 12:00:00 AM,6867,iPhone
2019-02-21 12:00:00 AM,4694,iPhone
2019-02-22 12:00:00 AM,7090,iPhone
2019-02-23 12:00:00 AM,3950,iPhone
2019-02-24 12:00:00 AM,7648,iPhone
2019-02-25 12:00:00 AM,5179,iPhone
2019-02-26 12:00:00 AM,7848,iPhone
2019-02-27 12:00:00 AM,5494,iPhone
2019-02-28 12:00:00 AM,5918,iPhone
2019-03-01 12:00:00 AM,11525,iPhone
2019-03-02 12:00:00 AM,18170,iPhone
2019-03-03 12:00:00 AM,10802,iPhone
2019-03-04 12:00:00 AM,5307,iPhone
2019-03-05 12:00:00 AM,9607,iPhone
2019-03-06 12:00:00 AM,6143,iPhone
2019-03-07 12:00:00 AM,8127,iPhone
2019-03-08 12:00:00 AM,3248,iPhone
2019-03-09 12:00:00 AM,3714,iPhone
2019-03-10 12:00:00 AM,2300,iPhone
2019-03-11 12:00:00 AM,5982,iPhone
2019-03-12 12:00:00 AM,7502,iPhone
2019-03-13 12:00:00 AM,6847,iPhone
2019-03-14 12:00:00 AM,12211,iPhone
2019-03-15 12:00:00 AM,13363,iPhone
2019-03-16 12:00:00 AM,15020,iPhone
2019-03-17 12:00:00 AM,538,iPhone
2019-03-18 12:00:00 AM,6766,iPhone
2019-03-19 12:00:00 AM,9686,iPhone
2019-03-20 12:00:00 AM,19698,iPhone
2019-03-21 12:00:00 AM,8563,iPhone
2019-03-22 12:00:00 AM,12457,iPhone
2019-03-23 12:00:00 AM,1577,iPhone
2019-03-24 12:00:00 AM,2151,iPhone
2019-03-25 12:00:00 AM,4931,iPhone
2019-03-26 12:00:00 AM,11089,iPhone
2019-03-27 12:00:00 AM,12561,iPhone
2019-03-28 12:00:00 AM,10949,iPhone
2019-03-29 12:00:00 AM,10648,iPhone
2019-03-30 12:00:00 AM,2422,iPhone
2019-03-31 12:00:00 AM,7566,iPhone
2019-04-01 12:00:00 AM,14580,iPhone
2019-04-02 12:00:00 AM,10830,iPhone
2019-04-03 12:00:00 AM,7798,iPhone
2019-04-04 12:00:00 AM,6948,iPhone
2019-04-05 12:00:00 AM,14495,iPhone
2019-04-06 12:00:00 AM,1640,iPhone
2019-04-07 12:00:00 AM,11262,iPhone
2019-04-08 12:00:00 AM,5390,iPhone
2019-04-09 12:00:00 AM,11980,iPhone
2019-04-10 12:00:00 AM,5709,iPhone
2019-04-11 12:00:00 AM,9950,iPhone
2019-04-12 12:00:00 AM,8228,iPhone
2019-04-13 12:00:00 AM,17300,iPhone
2019-04-14 12:00:00 AM,4121,iPhone
2019-04-15 12:00:00 AM,5945,iPhone
2019-04-16 12:00:00 AM,8280,iPhone
2019-04-17 12:00:00 AM,6130,iPhone
2019-04-18 12:00:00 AM,2911,iPhone
2019-04-19 12:00:00 AM,8273,iPhone
2019-04-20 12:00:00 AM,5306,iPhone
2019-04-21 12:00:00 AM,1251,iPhone
2019-04-22 12:00:00 AM,3921,iPhone
2019-04-23 12:00:00 AM,8912,iPhone
2019-04-24 12:00:00 AM,7591,iPhone
2019-04-25 12:00:00 AM,8571,iPhone
2019-04-26 12:00:00 AM,4818,iPhone
2019-04-27 12:00:00 AM,2599,iPhone
2019-04-28 12:00:00 AM,2276,iPhone
2019-04-29 12:00:00 AM,5948,iPhone
2019-04-30 12:00:00 AM,5560,iPhone
2019-05-01 12:00:00 AM,466,iPhone
2019-05-02 12:00:00 AM,6918,iPhone
2019-05-03 12:00:00 AM,9164,iPhone
2019-05-04 12:00:00 AM,17224,iPhone
2019-05-05 12:00:00 AM,13872,iPhone
2019-05-06 12:00:00 AM,10199,iPhone
2019-05-07 12:00:00 AM,2025,iPhone
2019-05-08 12:00:00 AM,732,iPhone
2019-05-09 12:00:00 AM,10978,iPhone
2019-05-10 12:00:00 AM,1721,iPhone
2019-05-11 12:00:00 AM,8392,iPhone
2019-05-12 12:00:00 AM,56,iPhone
2019-05-13 12:00:00 AM,2512,iPhone
2019-05-14 12:00:00 AM,15645,iPhone
2019-05-15 12:00:00 AM,15690,iPhone
2019-05-16 12:00:00 AM,16971,iPhone
2019-05-17 12:00:00 AM,16933,iPhone
2019-05-18 12:00:00 AM,2910,iPhone
2019-05-19 12:00:00 AM,1809,iPhone
2019-05-20 12:00:00 AM,4526,iPhone
2019-05-21 12:00:00 AM,9526,iPhone
2019-05-22 12:00:00 AM,782,iPhone
2019-05-23 12:00:00 AM,3922,iPhone
2019-05-24 12:00:00 AM,6843,iPhone
2019-05-25 12:00:00 AM,9601,iPhone
2019-05-26 12:00:00 AM,10572,iPhone
2019-05-27 12:00:00 AM,14386,iPhone
2019-05-28 12:00:00 AM,13178,iPhone
2019-05-29 12:00:00 AM,13035,iPhone
2019-05-30 12:00:00 AM,6376,iPhone
2019-05-31 12:00:00 AM,9661,iPhone
2019-06-01 12:00:00 AM,20202,iPhone
2019-06-02 12:00:00 AM,13232,iPhone
2019-06-03 12:00:00 AM,6726,iPhone
2019-06-04 12:00:00 AM,897,iPhone
2019-06-05 12:00:00 AM,9715,iPhone
2019-06-06 12:00:00 AM,5520,iPhone
2019-06-07 12:00:00 AM,11485,iPhone
2019-06-08 12:00:00 AM,5298,iPhone
2019-06-09 12:00:00 AM,7745,iPhone
2019-06-10 12:00:00 AM,12965,iPhone
2019-06-11 12:00:00 AM,4859,iPhone
2019-06-12 12:00:00 AM,6608,iPhone
2019-06-13 12:00:00 AM,1141,iPhone
2019-06-14 12:00:00 AM,1263,iPhone
2019-06-15 12:00:00 AM,12532,iPhone
2019-06-16 12:00:00 AM,2452,iPhone
2019-06-17 12:00:00 AM,7905,iPhone
2019-06-18 12:00:00 AM,9067,iPhone
2019-06-19 12:00:00 AM,5206,iPhone
2019-06-20 12:00:00 AM,17598,iPhone
2019-06-21 12:00:00 AM,8188,iPhone
2019-06-22 12:00:00 AM,22772,iPhone
2019-06-23 12:00:00 AM,22240,iPhone
2019-06-24 12:00:00 AM,5341,iPhone
2019-06-25 12:00:00 AM,12927,iPhone
2019-06-26 12:00:00 AM,4234,iPhone
2019-06-27 12:00:00 AM,10429,iPhone
2019-06-28 12:00:00 AM,4298,iPhone
2019-06-29 12:00:00 AM,11140,iPhone
2019-06-30 12:00:00 AM,19181,iPhone
2019-07-01 12:00:00 AM,12119,iPhone
2019-07-02 12:00:00 AM,8225,iPhone
2019-07-03 12:00:00 AM,32913,iPhone
2019-07-04 12:00:00 AM,9200,iPhone
2019-07-05 12:00:00 AM,12195,iPhone
2019-07-06 12:00:00 AM,7442,iPhone
2019-07-07 12:00:00 AM,1699,iPhone
2019-07-08 12:00:00 AM,1338,iPhone
2019-07-09 12:00:00 AM,2930,iPhone
2019-07-10 12:00:00 AM,7034,iPhone
2019-07-11 12:00:00 AM,4169,iPhone
2019-07-12 12:00:00 AM,9209,iPhone
2019-07-13 12:00:00 AM,17604,iPhone
2019-07-14 12:00:00 AM,4401,iPhone
2019-07-15 12:00:00 AM,9113,iPhone
2019-07-16 12:00:00 AM,6911,iPhone
2019-07-17 12:00:00 AM,6626,iPhone
2019-07-18 12:00:00 AM,6295,iPhone
2019-07-19 12:00:00 AM,327,iPhone
2019-07-20 12:00:00 AM,4738,iPhone
2019-07-21 12:00:00 AM,5330,iPhone
2019-07-22 12:00:00 AM,6203,iPhone
2019-07-23 12:00:00 AM,3396,iPhone
2019-07-24 12:00:00 AM,9499,iPhone
2019-07-25 12:00:00 AM,14543,iPhone
2019-07-26 12:00:00 AM,1464,iPhone
2019-07-27 12:00:00 AM,5512,iPhone
2019-07-28 12:00:00 AM,1056,iPhone
2019-07-29 12:00:00 AM,7417,iPhone
2019-07-30 12:00:00 AM,9051,iPhone
2019-07-31 12:00:00 AM,9057,iPhone
2019-08-01 12:00:00 AM,826,iPhone
2019-08-02 12:00:00 AM,773,iPhone
2019-08-03 12:00:00 AM,11604,iPhone
2019-08-04 12:00:00 AM,16252,iPhone
2019-08-05 12:00:00 AM,19744,iPhone
2019-08-06 12:00:00 AM,8104,iPhone
2019-08-07 12:00:00 AM,14138,iPhone
2019-08-08 12:00:00 AM,7701,iPhone
2019-08-09 12:00:00 AM,27325,iPhone
2019-08-10 12:00:00 AM,12167,iPhone
2019-08-11 12:00:00 AM,6940,iPhone
2019-08-12 12:00:00 AM,15327,iPhone
2019-08-13 12:00:00 AM,11603,iPhone
2019-08-14 12:00:00 AM,11321,iPhone
2019-08-15 12:00:00 AM,12301,iPhone
2019-08-16 12:00:00 AM,14352,iPhone
2019-08-17 12:00:00 AM,18319,iPhone
2019-08-18 12:00:00 AM,10471,iPhone
2019-08-19 12:00:00 AM,11042,iPhone
2019-08-20 12:00:00 AM,10759,iPhone
2019-08-21 12:00:00 AM,6329,iPhone
2019-08-22 12:00:00 AM,6585,iPhone
2019-08-23 12:00:00 AM,18360,iPhone
2019-08-24 12:00:00 AM,12107,iPhone
2019-08-25 12:00:00 AM,2398,iPhone
2019-08-26 12:00:00 AM,6508,iPhone
2019-08-27 12:00:00 AM,10084,iPhone
2019-08-28 12:00:00 AM,7139,iPhone
2019-08-29 12:00:00 AM,11594,iPhone
2019-08-30 12:00:00 AM,2515,iPhone
2019-08-31 12:00:00 AM,2556,iPhone
2019-09-01 12:00:00 AM,6167,iPhone
2019-09-02 12:00:00 AM,3821,iPhone
2019-09-03 12:00:00 AM,4185,iPhone
2019-09-04 12:00:00 AM,3524,iPhone
2019-09-05 12:00:00 AM,10850,iPhone
2019-09-06 12:00:00 AM,6222,iPhone
2019-09-07 12:00:00 AM,2078,iPhone
2019-09-08 12:00:00 AM,19217,iPhone
2019-09-09 12:00:00 AM,6291,iPhone
2019-09-10 12:00:00 AM,6004,iPhone
2019-09-11 12:00:00 AM,11674,iPhone
2019-09-12 12:00:00 AM,11511,iPhone
2019-09-13 12:00:00 AM,7965,iPhone
2019-09-14 12:00:00 AM,5122,iPhone
2019-09-15 12:00:00 AM,513,iPhone
2019-09-16 12:00:00 AM,6536,iPhone
2019-09-17 12:00:00 AM,8517,iPhone
2019-09-18 12:00:00 AM,5598,iPhone
2019-09-19 12:00:00 AM,6508,iPhone
2019-09-20 12:00:00 AM,9741,iPhone
2019-09-21 12:00:00 AM,52,iPhone
2019-09-22 12:00:00 AM,815,iPhone
2019-09-23 12:00:00 AM,5135,iPhone
2019-09-24 12:00:00 AM,2628,iPhone
2019-09-25 12:00:00 AM,5224,iPhone
2019-09-26 12:00:00 AM,5110,iPhone
2019-09-27 12:00:00 AM,6488,iPhone
2019-09-28 12:00:00 AM,1930,iPhone
2019-09-29 12:00:00 AM,13607,iPhone
2019-09-30 12:00:00 AM,10740,iPhone
2019-10-01 12:00:00 AM,3944,iPhone
2019-10-02 12:00:00 AM,12052,iPhone
2019-10-03 12:00:00 AM,14357,iPhone
2019-10-04 12:00:00 AM,13330,iPhone
2019-10-05 12:00:00 AM,901,iPhone
2019-10-06 12:00:00 AM,9062,iPhone
2019-10-07 12:00:00 AM,6685,iPhone
2019-10-08 12:00:00 AM,8506,iPhone
2019-10-09 12:00:00 AM,7082,iPhone
2019-10-10 12:00:00 AM,14506,iPhone
2019-10-11 12:00:00 AM,17173,iPhone
2019-10-12 12:00:00 AM,4218,iPhone
2019-10-13 12:00:00 AM,2575,iPhone
2019-10-14 12:00:00 AM,6064,iPhone
2019-10-15 12:00:00 AM,6890,iPhone
2019-10-16 12:00:00 AM,4443,iPhone
2019-10-17 12:00:00 AM,3075,iPhone
2019-10-18 12:00:00 AM,6534,iPhone
2019-10-19 12:00:00 AM,5123,iPhone
2019-10-20 12:00:00 AM,3352,iPhone
2019-10-21 12:00:00 AM,6890,iPhone
2019-10-22 12:00:00 AM,6231,iPhone
2019-10-23 12:00:00 AM,5083,iPhone
2019-10-24 12:00:00 AM,12990,iPhone
2019-10-25 12:00:00 AM,7323,iPhone
2019-10-26 12:00:00 AM,12394,iPhone
2019-10-27 12:00:00 AM,5368,iPhone
2019-10-28 12:00:00 AM,10305,iPhone
2019-10-29 12:00:00 AM,8283,iPhone
2019-10-30 12:00:00 AM,4628,iPhone
2019-10-31 12:00:00 AM,8602,iPhone
2019-11-01 12:00:00 AM,11150,iPhone
2019-11-02 12:00:00 AM,1858,iPhone
2019-11-03 12:00:00 AM,4786,iPhone
2019-11-04 12:00:00 AM,5794,iPhone
2019-11-05 12:00:00 AM,3229,iPhone
2019-11-06 12:00:00 AM,4387,iPhone
2019-11-07 12:00:00 AM,1559,iPhone
2019-11-08 12:00:00 AM,6702,iPhone
2019-11-09 12:00:00 AM,6189,iPhone
2019-11-10 12:00:00 AM,5918,iPhone
2019-11-11 12:00:00 AM,12250,iPhone
2019-11-12 12:00:00 AM,8375,iPhone
2019-11-13 12:00:00 AM,7244,iPhone
2019-11-14 12:00:00 AM,9469,iPhone
2019-11-15 12:00:00 AM,6783,iPhone
2019-11-16 12:00:00 AM,7263,iPhone
2019-11-17 12:00:00 AM,5451,iPhone
2019-11-18 12:00:00 AM,5494,iPhone
2019-11-19 12:00:00 AM,8863,iPhone
2019-11-20 12:00:00 AM,11982,iPhone
2019-11-21 12:00:00 AM,9174,iPhone
2019-11-22 12:00:00 AM,6191,iPhone
2019-11-23 12:00:00 AM,4884,iPhone
2019-11-24 12:00:00 AM,8410,iPhone
2019-11-25 12:00:00 AM,4900,iPhone
2019-11-26 12:00:00 AM,5504,iPhone
2019-11-27 12:00:00 AM,5552,iPhone
2019-11-28 12:00:00 AM,9018,iPhone
2019-11-29 12:00:00 AM,9112,iPhone
2019-11-30 12:00:00 AM,5601,iPhone
2019-12-01 12:00:00 AM,6466,iPhone
2019-12-02 12:00:00 AM,5875,iPhone
2019-12-03 12:00:00 AM,6902,iPhone
2019-12-04 12:00:00 AM,13266,iPhone
2019-12-05 12:00:00 AM,6866,iPhone
2019-12-06 12:00:00 AM,8246,iPhone
2019-12-07 12:00:00 AM,2047,iPhone
2019-12-08 12:00:00 AM,5242,iPhone
2019-12-09 12:00:00 AM,691,iPhone
2019-12-10 12:00:00 AM,217,iPhone
2019-12-11 12:00:00 AM,1395,iPhone
2019-12-12 12:00:00 AM,6711,iPhone
2019-12-13 12:00:00 AM,1332,iPhone
2019-12-14 12:00:00 AM,1289,iPhone
2019-12-15 12:00:00 AM,8337,iPhone
2019-12-16 12:00:00 AM,2143,iPhone
2019-12-17 12:00:00 AM,2269,iPhone
2019-12-18 12:00:00 AM,5215,iPhone
2019-12-19 12:00:00 AM,136,iPhone
2019-12-20 12:00:00 AM,2176,iPhone
2019-12-21 12:00:00 AM,3400,iPhone
2019-12-22 12:00:00 AM,6868,iPhone
2019-12-23 12:00:00 AM,3939,iPhone
2019-12-24 12:00:00 AM,1813,iPhone
2019-12-25 12:00:00 AM,1925,iPhone
2019-12-26 12:00:00 AM,229,iPhone
2019-12-27 12:00:00 AM,158,iPhone
2019-12-28 12:00:00 AM,2708,iPhone
2019-12-29 12:00:00 AM,4829,iPhone
2019-12-30 12:00:00 AM,126,iPhone
2019-12-31 12:00:00 AM,2691,iPhone
2020-01-01 12:00:00 AM,244,iPhone
2020-01-02 12:00:00 AM,1880,iPhone
2020-01-03 12:00:00 AM,123,iPhone
2020-01-04 12:00:00 AM,146,iPhone
2020-01-05 12:00:00 AM,211,iPhone
2020-01-06 12:00:00 AM,7668,iPhone
2020-01-07 12:00:00 AM,132,iPhone
2020-01-08 12:00:00 AM,2200,iPhone
2020-01-09 12:00:00 AM,681,iPhone
2020-01-10 12:00:00 AM,8188,iPhone
2020-01-11 12:00:00 AM,3139,iPhone
2020-01-12 12:00:00 AM,2324,iPhone
2020-01-13 12:00:00 AM,4112,iPhone
2020-01-14 12:00:00 AM,9526,iPhone
2020-01-15 12:00:00 AM,5329,iPhone
2020-01-16 12:00:00 AM,12165,iPhone
2020-01-17 12:00:00 AM,7543,iPhone
2020-01-18 12:00:00 AM,2947,iPhone
2020-01-19 12:00:00 AM,2060,iPhone
2020-01-20 12:00:00 AM,6274,iPhone
2020-01-21 12:00:00 AM,10014,iPhone
2020-01-22 12:00:00 AM,14504,iPhone
2020-01-23 12:00:00 AM,6392,iPhone
2020-01-24 12:00:00 AM,15089,iPhone
2020-01-25 12:00:00 AM,2771,iPhone
2020-01-26 12:00:00 AM,2988,iPhone
2020-01-27 12:00:00 AM,4048,iPhone
2020-01-28 12:00:00 AM,5503,iPhone
2020-01-29 12:00:00 AM,6758,iPhone
2020-01-30 12:00:00 AM,5844,iPhone
2020-01-31 12:00:00 AM,6950,iPhone
2020-02-01 12:00:00 AM,5911,iPhone
2020-02-02 12:00:00 AM,2996,iPhone
2020-02-03 12:00:00 AM,7472,iPhone
2020-02-04 12:00:00 AM,4579,iPhone
2020-02-05 12:00:00 AM,3679,iPhone
2020-02-06 12:00:00 AM,3342,iPhone
2020-02-07 12:00:00 AM,14993,iPhone
2020-02-08 12:00:00 AM,5964,iPhone
2020-02-09 12:00:00 AM,951,iPhone
2020-02-10 12:00:00 AM,9302,iPhone
2020-02-11 12:00:00 AM,7596,iPhone
2020-02-12 12:00:00 AM,6549,iPhone
2020-02-13 12:00:00 AM,5893,iPhone
2020-02-14 12:00:00 AM,6803,iPhone
2020-02-15 12:00:00 AM,3441,iPhone
2020-02-16 12:00:00 AM,3880,iPhone
2020-02-17 12:00:00 AM,9694,iPhone
2020-02-18 12:00:00 AM,8661,iPhone
2020-02-19 12:00:00 AM,6085,iPhone
2020-02-20 12:00:00 AM,3666,iPhone
2020-02-21 12:00:00 AM,7090,iPhone
2020-02-22 12:00:00 AM,5226,iPhone
2020-02-23 12:00:00 AM,3103,iPhone
2020-02-24 12:00:00 AM,4569,iPhone
2020-02-25 12:00:00 AM,2993,iPhone
2020-02-26 12:00:00 AM,10970,iPhone
2020-02-27 12:00:00 AM,5312,iPhone
2020-02-28 12:00:00 AM,5562,iPhone
2020-02-29 12:00:00 AM,19626,iPhone
2020-03-01 12:00:00 AM,4522,iPhone
2020-03-02 12:00:00 AM,5550,iPhone
2020-03-03 12:00:00 AM,9815,iPhone
2020-03-04 12:00:00 AM,7791,iPhone
2020-03-05 12:00:00 AM,5792,iPhone
2020-03-06 12:00:00 AM,14710,iPhone
2020-03-07 12:00:00 AM,10538,iPhone
2020-03-08 12:00:00 AM,7688,iPhone
2020-03-09 12:00:00 AM,914,iPhone
2020-03-10 12:00:00 AM,4489,iPhone
2020-03-11 12:00:00 AM,6965,iPhone
2020-03-12 12:00:00 AM,10317,iPhone
2020-03-13 12:00:00 AM,7177,iPhone
2020-03-14 12:00:00 AM,7039,iPhone
2020-03-15 12:00:00 AM,3894,iPhone
2020-03-16 12:00:00 AM,4064,iPhone
2020-03-17 12:00:00 AM,13179,iPhone
2020-03-18 12:00:00 AM,12026,iPhone
2020-03-19 12:00:00 AM,918,iPhone
2020-03-20 12:00:00 AM,385,iPhone
2020-03-21 12:00:00 AM,2862,iPhone
2020-03-22 12:00:00 AM,152,iPhone
2020-03-23 12:00:00 AM,225,iPhone
2020-03-24 12:00:00 AM,7855,iPhone
2020-03-25 12:00:00 AM,214,iPhone
2020-03-26 12:00:00 AM,2041,iPhone
2020-03-27 12:00:00 AM,153,iPhone
2020-03-28 12:00:00 AM,1014,iPhone
2020-03-29 12:00:00 AM,89,iPhone
2020-03-30 12:00:00 AM,291,iPhone
2020-03-31 12:00:00 AM,135,iPhone
2020-04-01 12:00:00 AM,83,iPhone
2020-04-02 12:00:00 AM,1561,iPhone
2020-04-03 12:00:00 AM,292,iPhone
2020-04-04 12:00:00 AM,692,iPhone
2020-04-05 12:00:00 AM,166,iPhone
2020-04-06 12:00:00 AM,156,iPhone
2020-04-07 12:00:00 AM,88,iPhone
2020-04-08 12:00:00 AM,881,iPhone
2020-04-09 12:00:00 AM,105,iPhone
2020-04-10 12:00:00 AM,3898,iPhone
2020-04-11 12:00:00 AM,811,iPhone
2020-04-12 12:00:00 AM,110,iPhone
2020-04-13 12:00:00 AM,1022,iPhone
2020-04-14 12:00:00 AM,681,iPhone
2020-04-15 12:00:00 AM,1022,iPhone
2020-04-16 12:00:00 AM,828,iPhone
2020-04-17 12:00:00 AM,478,iPhone
2020-04-18 12:00:00 AM,2433,iPhone
2020-04-19 12:00:00 AM,2858,iPhone
2020-04-20 12:00:00 AM,1550,iPhone
2020-04-21 12:00:00 AM,793,iPhone
2020-04-22 12:00:00 AM,8512,iPhone
2020-04-23 12:00:00 AM,663,iPhone
2020-04-24 12:00:00 AM,664,iPhone
2020-04-25 12:00:00 AM,11718,iPhone
2020-04-26 12:00:00 AM,447,iPhone
2020-04-27 12:00:00 AM,8247,iPhone
2020-04-28 12:00:00 AM,763,iPhone
2020-04-29 12:00:00 AM,1127,iPhone
2020-04-30 12:00:00 AM,905,iPhone
2020-05-01 12:00:00 AM,985,iPhone
2020-05-02 12:00:00 AM,961,iPhone
2020-05-03 12:00:00 AM,65,iPhone
2020-05-04 12:00:00 AM,1133,iPhone
2020-05-05 12:00:00 AM,2370,iPhone
2020-05-06 12:00:00 AM,264,iPhone
2020-05-07 12:00:00 AM,16134,iPhone
2020-05-08 12:00:00 AM,351,iPhone
2020-05-09 12:00:00 AM,12157,iPhone
2020-05-10 12:00:00 AM,643,iPhone
2020-05-11 12:00:00 AM,2865,iPhone
2020-05-12 12:00:00 AM,300,iPhone
2020-05-13 12:00:00 AM,6125,iPhone
2020-05-14 12:00:00 AM,4012,iPhone
2020-05-15 12:00:00 AM,1231,iPhone
2020-05-16 12:00:00 AM,53,iPhone
2020-05-17 12:00:00 AM,332,iPhone
2020-05-18 12:00:00 AM,21089,iPhone
2020-05-19 12:00:00 AM,1638,iPhone
2020-05-20 12:00:00 AM,7017,iPhone
2020-05-21 12:00:00 AM,2137,iPhone
2020-05-22 12:00:00 AM,48,iPhone
2020-05-23 12:00:00 AM,2029,iPhone
2020-05-24 12:00:00 AM,9036,iPhone
2020-05-25 12:00:00 AM,10790,iPhone
2020-05-26 12:00:00 AM,10056,iPhone
2020-05-27 12:00:00 AM,4237,iPhone
2020-05-28 12:00:00 AM,913,iPhone
2020-05-29 12:00:00 AM,2206,iPhone
2020-05-30 12:00:00 AM,8746,iPhone
2020-05-31 12:00:00 AM,4009,iPhone
2020-06-01 12:00:00 AM,4844,iPhone
2020-06-02 12:00:00 AM,40,iPhone
2020-06-03 12:00:00 AM,1553,iPhone
2020-06-04 12:00:00 AM,8946,iPhone
2020-06-05 12:00:00 AM,9972,iPhone
2020-06-06 12:00:00 AM,1523,iPhone
2020-06-07 12:00:00 AM,13785,iPhone
2020-06-08 12:00:00 AM,5741,iPhone
2020-06-09 12:00:00 AM,17517,iPhone
2020-06-10 12:00:00 AM,10853,iPhone
2020-06-11 12:00:00 AM,21610,iPhone
2020-06-12 12:00:00 AM,4605,iPhone
2020-06-13 12:00:00 AM,5609,iPhone
2020-06-14 12:00:00 AM,9,iPhone
2020-06-15 12:00:00 AM,4006,iPhone|Dona (2)
2020-06-16 12:00:00 AM,21147,iPhone|Dona (2)
2020-06-17 12:00:00 AM,404,iPhone|Dona (2)
2020-06-18 12:00:00 AM,9640,iPhone|Dona (2)
2020-06-19 12:00:00 AM,1772,iPhone|Dona (2)
2020-06-20 12:00:00 AM,7696,iPhone|Dona (2)
2020-06-21 12:00:00 AM,10013,iPhone|Dona (2)
2020-06-22 12:00:00 AM,1708,iPhone|Dona (2)
2020-06-23 12:00:00 AM,16502,iPhone|Dona (2)
2020-06-24 12:00:00 AM,3088,iPhone|Dona (2)
2020-06-25 12:00:00 AM,24703,iPhone|Dona (2)
2020-06-26 12:00:00 AM,7232,iPhone|Dona (2)
2020-06-27 12:00:00 AM,3447,iPhone|Dona (2)
2020-06-28 12:00:00 AM,19456,iPhone|Dona (2)
2020-06-29 12:00:00 AM,1270,iPhone|Dona (2)
2020-06-30 12:00:00 AM,2050,iPhone|Dona (2)
2020-07-01 12:00:00 AM,140,iPhone|Dona (2)
2020-07-02 12:00:00 AM,2666,iPhone|Dona (2)
2020-07-03 12:00:00 AM,1258,iPhone|Dona (2)
2020-07-04 12:00:00 AM,3239,iPhone|Dona (2)
2020-07-05 12:00:00 AM,4699,iPhone|Dona (2)
2020-07-06 12:00:00 AM,7959,iPhone|Dona (2)
2020-07-07 12:00:00 AM,1230,iPhone|Dona (2)
2020-07-08 12:00:00 AM,142,iPhone|Dona (2)
2020-07-09 12:00:00 AM,2614,iPhone|Dona (2)
2020-07-10 12:00:00 AM,4196,iPhone|Dona (2)
2020-07-11 12:00:00 AM,14071,iPhone|Dona (2)
2020-07-12 12:00:00 AM,14382,iPhone|Dona (2)
2020-07-13 12:00:00 AM,2191,iPhone|Dona (2)
2020-07-14 12:00:00 AM,124,iPhone|Dona (2)
2020-07-15 12:00:00 AM,44,iPhone|Dona (2)
2020-07-16 12:00:00 AM,4882,iPhone|Dona (2)
2020-07-17 12:00:00 AM,236,iPhone|Dona (2)
2020-07-18 12:00:00 AM,140,iPhone|Dona (2)
2020-07-19 12:00:00 AM,11023,iPhone|Dona (2)
2020-07-20 12:00:00 AM,144,iPhone|Dona (2)
2020-07-21 12:00:00 AM,8324,iPhone|Dona (2)
2020-07-22 12:00:00 AM,11705,iPhone|Dona (2)
2020-07-23 12:00:00 AM,10519,iPhone|Dona (2)
2020-07-24 12:00:00 AM,22360,iPhone|Dona (2)
2020-07-25 12:00:00 AM,11478,iPhone|Dona (2)
2020-07-26 12:00:00 AM,10824,iPhone|Dona (2)
2020-07-27 12:00:00 AM,18570,iPhone|Dona (2)
2020-07-28 12:00:00 AM,110,iPhone|Dona (2)
2020-07-29 12:00:00 AM,18565,iPhone|Dona (2)
2020-07-30 12:00:00 AM,8883,iPhone|Dona (2)
2020-07-31 12:00:00 AM,9618,iPhone|Dona (2)
2020-08-01 12:00:00 AM,8391,iPhone|Dona (2)
2020-08-02 12:00:00 AM,21278,iPhone|Dona (2)
2020-08-03 12:00:00 AM,19255,iPhone|Dona (2)
2020-08-04 12:00:00 AM,2069,iPhone|Dona (2)
2020-08-05 12:00:00 AM,9079,iPhone|Dona (2)
2020-08-06 12:00:00 AM,95,iPhone|Dona (2)
2020-08-07 12:00:00 AM,26818,iPhone|Dona (2)
2020-08-08 12:00:00 AM,5395,iPhone|Dona (2)
2020-08-09 12:00:00 AM,17477,iPhone|Dona (2)
2020-08-10 12:00:00 AM,6220,iPhone|Dona (2)
2020-08-11 12:00:00 AM,2157,iPhone|Dona (2)
2020-08-12 12:00:00 AM,21254,iPhone|Dona (2)
2020-08-13 12:00:00 AM,2164,iPhone|Dona (2)
2020-08-14 12:00:00 AM,2689,iPhone|Dona (2)
2020-08-15 12:00:00 AM,9783,iPhone|Dona (2)
2020-08-16 12:00:00 AM,6504,iPhone|Dona (2)
2020-08-17 12:00:00 AM,391,iPhone|Dona (2)
2020-08-18 12:00:00 AM,1023,iPhone|Dona (2)
2020-08-19 12:00:00 AM,14530,iPhone|Dona (2)
2020-08-20 12:00:00 AM,8138,iPhone|Dona (2)
2020-08-21 12:00:00 AM,4696,iPhone|Dona (2)
2020-08-22 12:00:00 AM,10743,iPhone|Dona (2)
2020-08-23 12:00:00 AM,4187,iPhone|Dona (2)
2020-08-24 12:00:00 AM,274,iPhone|Dona (2)
2020-08-25 12:00:00 AM,9420,iPhone|Dona (2)
2020-08-26 12:00:00 AM,4111,iPhone|Dona (2)
2020-08-27 12:00:00 AM,4001,iPhone|Dona (2)
2020-08-28 12:00:00 AM,5741,iPhone|Dona (2)
2020-08-29 12:00:00 AM,8087,iPhone|Dona (2)
2020-08-30 12:00:00 AM,9072,iPhone|Dona (2)
2020-08-31 12:00:00 AM,6752,iPhone|Dona (2)
2020-09-01 12:00:00 AM,1195,iPhone|Dona (2)
2020-09-02 12:00:00 AM,3644,iPhone|Dona (2)
2020-09-03 12:00:00 AM,3785,iPhone|Dona (2)
2020-09-04 12:00:00 AM,14305,iPhone|Dona (2)
2020-09-05 12:00:00 AM,6901,iPhone|Dona (2)
2020-09-06 12:00:00 AM,1494,iPhone|Dona (2)
2020-09-07 12:00:00 AM,74,iPhone|Dona (2)
2020-09-08 12:00:00 AM,8039,iPhone|Dona (2)
2020-09-09 12:00:00 AM,304,iPhone|Dona (2)
2020-09-10 12:00:00 AM,237,iPhone|Dona (2)
2020-09-11 12:00:00 AM,1747,iPhone|Dona (2)
2020-09-12 12:00:00 AM,15065,iPhone|Dona (2)
2020-09-13 12:00:00 AM,22115,iPhone|Dona (2)
2020-09-14 12:00:00 AM,15614,iPhone|Dona (2)
2020-09-15 12:00:00 AM,559,iPhone|Dona (2)
2020-09-16 12:00:00 AM,212,iPhone|Dona (2)
2020-09-17 12:00:00 AM,1351,iPhone|Dona (2)
2020-09-18 12:00:00 AM,3564,iPhone|Dona (2)
2020-09-19 12:00:00 AM,4508,iPhone|Dona (2)
2020-09-20 12:00:00 AM,29220,iPhone|Dona (2)
2020-09-21 12:00:00 AM,162,iPhone|Dona (2)
2020-09-22 12:00:00 AM,73,iPhone|Dona (2)
2020-09-23 12:00:00 AM,203,iPhone|Dona (2)
2020-09-24 12:00:00 AM,4157,iPhone|Dona (2)
2020-09-25 12:00:00 AM,505,iPhone|Dona (2)
2020-09-26 12:00:00 AM,179,iPhone|Dona (2)
2020-09-27 12:00:00 AM,4660,iPhone|Dona (2)
2020-09-28 12:00:00 AM,101,iPhone|Dona (2)
2020-09-29 12:00:00 AM,2150,iPhone|Dona (2)
2020-09-30 12:00:00 AM,304,iPhone|Dona (2)
2020-10-01 12:00:00 AM,14344,iPhone|Dona (2)
2020-10-02 12:00:00 AM,5134,iPhone|Dona (2)
2020-10-03 12:00:00 AM,2653,iPhone|Dona (2)
2020-10-04 12:00:00 AM,6942,iPhone|Dona (2)
2020-10-05 12:00:00 AM,17240,iPhone|Dona (2)
2020-10-06 12:00:00 AM,6530,iPhone|Dona (2)
2020-10-07 12:00:00 AM,6729,iPhone|Dona (2)
2020-10-08 12:00:00 AM,10659,iPhone|Dona (2)
2020-10-09 12:00:00 AM,3785,iPhone|Dona (2)
2020-10-10 12:00:00 AM,6311,iPhone|Dona (2)
2020-10-11 12:00:00 AM,1859,iPhone|Dona (2)
2020-10-12 12:00:00 AM,120,iPhone|Dona (2)
2020-10-13 12:00:00 AM,2723,iPhone|Dona (2)
2020-10-14 12:00:00 AM,5533,iPhone|Dona (2)
2020-10-15 12:00:00 AM,4054,iPhone|Dona (2)
2020-10-16 12:00:00 AM,4037,iPhone|Dona (2)
2020-10-17 12:00:00 AM,8428,iPhone|Dona (2)
2020-10-18 12:00:00 AM,2961,iPhone|Dona (2)
2020-10-19 12:00:00 AM,1862,iPhone|Dona (2)
2020-10-20 12:00:00 AM,163,iPhone|Dona (2)
2020-10-21 12:00:00 AM,9804,iPhone|Dona (2)
2020-10-22 12:00:00 AM,6688,iPhone|Dona (2)
2020-10-23 12:00:00 AM,4260,iPhone|Dona (2)
2020-10-24 12:00:00 AM,643,iPhone|Dona (2)
2020-10-25 12:00:00 AM,202,iPhone|Dona (2)
2020-10-26 12:00:00 AM,203,iPhone|Dona (2)
2020-10-27 12:00:00 AM,1929,iPhone|Dona (2)
2020-10-28 12:00:00 AM,194,iPhone|Dona (2)
2020-10-29 12:00:00 AM,1336,iPhone|Dona (2)
2020-10-30 12:00:00 AM,295,iPhone|Dona (2)
2020-10-31 12:00:00 AM,7901,iPhone|Dona (2)
2020-11-01 12:00:00 AM,1903,iPhone|Dona (2)
2020-11-02 12:00:00 AM,204,iPhone|Dona (2)
2020-11-03 12:00:00 AM,1822,iPhone|Dona (2)
2020-11-04 12:00:00 AM,110,iPhone|Dona (2)
2020-11-05 12:00:00 AM,1432,iPhone|Dona (2)
2020-11-06 12:00:00 AM,3840,iPhone|Dona (2)
2020-11-07 12:00:00 AM,8579,iPhone|Dona (2)
2020-11-08 12:00:00 AM,2576,iPhone|Dona (2)
2020-11-09 12:00:00 AM,219,iPhone|Dona (2)
2020-11-10 12:00:00 AM,3829,iPhone|Dona (2)
2020-11-11 12:00:00 AM,5761,iPhone|Dona (2)
2020-11-12 12:00:00 AM,1579,iPhone|Dona (2)
2020-11-13 12:00:00 AM,5134,iPhone|Dona (2)
2020-11-14 12:00:00 AM,1307,iPhone|Dona (2)
2020-11-15 12:00:00 AM,118,iPhone|Dona (2)
2020-11-16 12:00:00 AM,244,iPhone|Dona (2)
2020-11-17 12:00:00 AM,309,iPhone|Dona (2)
2020-11-18 12:00:00 AM,72,iPhone|Dona (2)
2020-11-19 12:00:00 AM,327,iPhone|Dona (2)
2020-11-20 12:00:00 AM,5483,iPhone|Dona (2)
2020-11-21 12:00:00 AM,241,iPhone|Dona (2)
2020-11-22 12:00:00 AM,5854,iPhone|Dona (2)
2020-11-23 12:00:00 AM,169,iPhone|Dona (2)
2020-11-24 12:00:00 AM,1912,iPhone|Dona (2)
2020-11-25 12:00:00 AM,228,iPhone|Dona (2)
2020-11-26 12:00:00 AM,7603,iPhone|Dona (2)
2020-11-27 12:00:00 AM,200,iPhone|Dona (2)
2020-11-28 12:00:00 AM,200,iPhone|Dona (2)
2020-11-29 12:00:00 AM,8204,iPhone|Dona (2)
2020-11-30 12:00:00 AM,184,iPhone|Dona (2)
2020-12-01 12:00:00 AM,4581,iPhone|Dona (2)
2020-12-02 12:00:00 AM,862,iPhone|Dona (2)
2020-12-03 12:00:00 AM,244,iPhone|Dona (2)
2020-12-04 12:00:00 AM,6194,iPhone|Dona (2)
2020-12-05 12:00:00 AM,345,iPhone|Dona (2)
2020-12-06 12:00:00 AM,6069,iPhone|Dona (2)
2020-12-07 12:00:00 AM,8081,iPhone|Dona (2)
2020-12-08 12:00:00 AM,4149,iPhone|Dona (2)
2020-12-09 12:00:00 AM,1253,iPhone|Dona (2)
2020-12-10 12:00:00 AM,6050,iPhone|Dona (2)
2020-12-11 12:00:00 AM,547,iPhone|Dona (2)
2020-12-12 12:00:00 AM,3175,iPhone|Dona (2)
2020-12-13 12:00:00 AM,1575,iPhone|Dona (2)
2020-12-14 12:00:00 AM,1640,iPhone|Dona (2)
2020-12-15 12:00:00 AM,292,iPhone|Dona (2)
2020-12-16 12:00:00 AM,11893,iPhone|Dona (2)
2020-12-17 12:00:00 AM,2381,iPhone|Dona (2)
2020-12-18 12:00:00 AM,7766,iPhone|Dona (2)
2020-12-19 12:00:00 AM,4730,iPhone|Dona (2)
2020-12-20 12:00:00 AM,2423,iPhone|Dona (2)
2020-12-21 12:00:00 AM,1700,iPhone|Dona (2)
2020-12-22 12:00:00 AM,4244,iPhone|Dona (2)
2020-12-23 12:00:00 AM,9594,iPhone|Dona (2)
2020-12-24 12:00:00 AM,2297,iPhone|Dona (2)
2020-12-25 12:00:00 AM,5108,iPhone|Dona (2)
2020-12-26 12:00:00 AM,175,iPhone|Dona (2)
2020-12-27 12:00:00 AM,11611,iPhone|Dona (2)
2020-12-28 12:00:00 AM,10084,iPhone|Dona (2)
2020-12-29 12:00:00 AM,7512,iPhone|Dona (2)
2020-12-30 12:00:00 AM,252,iPhone|Dona (2)
2020-12-31 12:00:00 AM,4342,iPhone|Dona (2)
2021-01-01 12:00:00 AM,8821,iPhone|Dona (2)
2021-01-02 12:00:00 AM,128,iPhone|Dona (2)
2021-01-03 12:00:00 AM,150,iPhone|Dona (2)
2021-01-04 12:00:00 AM,5042,iPhone|Dona (2)
2021-01-05 12:00:00 AM,1354,iPhone|Dona (2)
2021-01-06 12:00:00 AM,1716,iPhone|Dona (2)
2021-01-07 12:00:00 AM,1638,iPhone|Dona (2)
2021-01-08 12:00:00 AM,15585,iPhone|Dona (2)
2021-01-09 12:00:00 AM,8027,iPhone|Dona (2)
2021-01-10 12:00:00 AM,354,iPhone|Dona (2)
2021-01-11 12:00:00 AM,1361,iPhone|Dona (2)
2021-01-12 12:00:00 AM,1129,iPhone|Dona (2)
2021-01-13 12:00:00 AM,3446,iPhone|Dona (2)
2021-01-14 12:00:00 AM,3770,iPhone|Dona (2)
2021-01-15 12:00:00 AM,3754,iPhone|Dona (2)
2021-01-16 12:00:00 AM,1657,iPhone|Dona (2)
2021-01-17 12:00:00 AM,6764,iPhone|Dona (2)
2021-01-18 12:00:00 AM,3408,iPhone|Dona (2)
2021-01-19 12:00:00 AM,6507,iPhone|Dona (2)
2021-01-20 12:00:00 AM,2352,iPhone|Dona (2)
2021-01-21 12:00:00 AM,11782,iPhone|Dona (2)
2021-01-22 12:00:00 AM,4772,iPhone|Dona (2)
2021-01-23 12:00:00 AM,899,iPhone|Dona (2)
2021-01-24 12:00:00 AM,3909,iPhone|Dona (2)
2021-01-25 12:00:00 AM,9309,iPhone|Dona (2)
2021-01-26 12:00:00 AM,1320,iPhone|Dona (2)
2021-01-27 12:00:00 AM,7643,iPhone|Dona (2)
2021-01-28 12:00:00 AM,1359,iPhone|Dona (2)
2021-01-29 12:00:00 AM,1577,iPhone|Dona (2)
2021-01-30 12:00:00 AM,3152,iPhone|Dona (2)
2021-01-31 12:00:00 AM,6948,iPhone|Dona (2)
2021-02-01 12:00:00 AM,1245,iPhone|Dona (2)
2021-02-02 12:00:00 AM,7963,iPhone|Dona (2)
2021-02-03 12:00:00 AM,1940,iPhone|Dona (2)
2021-02-04 12:00:00 AM,146,iPhone|Dona (2)
2021-02-05 12:00:00 AM,12009,iPhone|Dona (2)
2021-02-06 12:00:00 AM,406,iPhone|Dona (2)
2021-02-07 12:00:00 AM,1533,iPhone|Dona (2)
2021-02-08 12:00:00 AM,4582,iPhone|Dona (2)
2021-02-09 12:00:00 AM,4696,iPhone|Dona (2)
2021-02-10 12:00:00 AM,359,iPhone|Dona (2)
2021-02-11 12:00:00 AM,9074,iPhone|Dona (2)
2021-02-12 12:00:00 AM,2165,iPhone|Dona (2)
2021-02-13 12:00:00 AM,6743,iPhone|Dona (2)
2021-02-14 12:00:00 AM,4171,iPhone|Dona (2)
2021-02-15 12:00:00 AM,255,iPhone|Dona (2)
2021-02-16 12:00:00 AM,316,iPhone|Dona (2)
2021-02-17 12:00:00 AM,265,iPhone|Dona (2)
2021-02-18 12:00:00 AM,3323,iPhone|Dona (2)
2021-02-19 12:00:00 AM,2135,iPhone|Dona (2)
2021-02-20 12:00:00 AM,2091,iPhone|Dona (2)
2021-02-21 12:00:00 AM,1876,iPhone|Dona (2)
2021-02-22 12:00:00 AM,5944,iPhone|Dona (2)
2021-02-23 12:00:00 AM,2212,iPhone|Dona (2)
2021-02-24 12:00:00 AM,453,iPhone|Dona (2)
2021-02-25 12:00:00 AM,1410,iPhone|Dona (2)
2021-02-26 12:00:00 AM,244,iPhone|Dona (2)
2021-02-27 12:00:00 AM,4983,iPhone|Dona (2)
2021-02-28 12:00:00 AM,2624,iPhone|Dona (2)
2021-03-01 12:00:00 AM,5674,iPhone|Dona (2)
2021-03-02 12:00:00 AM,6024,iPhone|Dona (2)
2021-03-03 12:00:00 AM,1153,iPhone|Dona (2)
2021-03-04 12:00:00 AM,3104,iPhone|Dona (2)
2021-03-05 12:00:00 AM,246,iPhone|Dona (2)
2021-03-06 12:00:00 AM,2775,iPhone|Dona (2)
2021-03-07 12:00:00 AM,115,iPhone|Dona (2)
2021-03-08 12:00:00 AM,1757,iPhone|Dona (2)
2021-03-09 12:00:00 AM,334,iPhone|Dona (2)
2021-03-10 12:00:00 AM,1607,iPhone|Dona (2)
2021-03-11 12:00:00 AM,2063,iPhone|Dona (2)
2021-03-12 12:00:00 AM,2446,iPhone|Dona (2)
2021-03-13 12:00:00 AM,429,iPhone|Dona (2)
2021-03-14 12:00:00 AM,95,iPhone|Dona (2)
2021-03-15 12:00:00 AM,94,iPhone|Dona (2)
2021-03-16 12:00:00 AM,3162,iPhone|Dona (2)
2021-03-17 12:00:00 AM,84,iPhone|Dona (2)
2021-03-18 12:00:00 AM,2055,iPhone|Dona (2)
2021-03-19 12:00:00 AM,8732,iPhone|Dona (2)
2021-03-20 12:00:00 AM,4494,iPhone|Dona (2)
2021-03-21 12:00:00 AM,5756,iPhone|Dona (2)
2021-03-22 12:00:00 AM,319,iPhone|Dona (2)
2021-03-23 12:00:00 AM,9911,iPhone|Dona (2)
2021-03-24 12:00:00 AM,11225,iPhone|Dona (2)
2021-03-25 12:00:00 AM,10663,iPhone|Dona (2)
2021-03-26 12:00:00 AM,7828,iPhone|Dona (2)
2021-03-27 12:00:00 AM,6982,iPhone|Dona (2)
2021-03-28 12:00:00 AM,1103,iPhone|Dona (2)
2021-03-29 12:00:00 AM,104,iPhone|Dona (2)
2021-03-30 12:00:00 AM,2304,iPhone|Dona (2)
2021-03-31 12:00:00 AM,56,iPhone|Dona (2)
2021-04-01 12:00:00 AM,2810,iPhone|Dona (2)
2021-04-02 12:00:00 AM,3305,iPhone|Dona (2)
2021-04-03 12:00:00 AM,710,iPhone|Dona (2)
2021-04-04 12:00:00 AM,926,iPhone|Dona (2)
2021-04-05 12:00:00 AM,7209,iPhone|Dona (2)
2021-04-06 12:00:00 AM,4411,iPhone|Dona (2)
2021-04-07 12:00:00 AM,716,iPhone|Dona (2)
2021-04-08 12:00:00 AM,2898,iPhone|Dona (2)
2021-04-09 12:00:00 AM,16032,iPhone|Dona (2)
2021-04-10 12:00:00 AM,5667,iPhone|Dona (2)
2021-04-11 12:00:00 AM,12023,iPhone|Dona (2)
2021-04-12 12:00:00 AM,364,iPhone|Dona (2)
2021-04-13 12:00:00 AM,15482,iPhone|Dona (2)
2021-04-14 12:00:00 AM,6195,iPhone|Dona (2)
2021-04-15 12:00:00 AM,18839,iPhone|Dona (2)
2021-04-16 12:00:00 AM,818,iPhone|Dona (2)
2021-04-17 12:00:00 AM,7521,iPhone|Dona (2)
2021-04-18 12:00:00 AM,7078,iPhone|Dona (2)
2021-04-19 12:00:00 AM,1216,iPhone|Dona (2)
2021-04-20 12:00:00 AM,16286,iPhone|Dona (2)
2021-04-21 12:00:00 AM,387,iPhone|Dona (2)
2021-04-22 12:00:00 AM,9155,iPhone|Dona (2)
2021-04-23 12:00:00 AM,9739,iPhone|Dona (2)
2021-04-24 12:00:00 AM,196,iPhone|Dona (2)
2021-04-25 12:00:00 AM,1200,iPhone|Dona (2)
2021-04-26 12:00:00 AM,377,iPhone|Dona (2)
2021-04-27 12:00:00 AM,281,iPhone|Dona (2)
2021-04-28 12:00:00 AM,518,iPhone|Dona (2)
2021-04-29 12:00:00 AM,3907,iPhone|Dona (2)
2021-04-30 12:00:00 AM,4230,iPhone|Dona (2)
2021-05-01 12:00:00 AM,571,iPhone|Dona (2)
2021-05-02 12:00:00 AM,11911,iPhone|Dona (2)
2021-05-03 12:00:00 AM,5150,iPhone|Dona (2)
2021-05-04 12:00:00 AM,8679,iPhone|Dona (2)
2021-05-05 12:00:00 AM,7234,iPhone|Dona (2)
2021-05-06 12:00:00 AM,9432,iPhone|Dona (2)
2021-05-07 12:00:00 AM,7604,iPhone|Dona (2)
2021-05-08 12:00:00 AM,5102,iPhone|Dona (2)
2021-05-09 12:00:00 AM,19091,iPhone|Dona (2)
2021-05-10 12:00:00 AM,1427,iPhone|Dona (2)
2021-05-11 12:00:00 AM,16237,iPhone|Dona (2)
2021-05-12 12:00:00 AM,11427,iPhone|Dona (2)
2021-05-13 12:00:00 AM,7659,iPhone|Dona (2)
2021-05-14 12:00:00 AM,1939,iPhone|Dona (2)
2021-05-15 12:00:00 AM,4594,iPhone|Dona (2)
2021-05-16 12:00:00 AM,3045,iPhone|Dona (2)
2021-05-17 12:00:00 AM,10508,iPhone|Dona (2)
2021-05-18 12:00:00 AM,9826,iPhone|Dona (2)
2021-05-19 12:00:00 AM,16183,iPhone|Dona (2)
2021-05-20 12:00:00 AM,17563,iPhone|Dona (2)
2021-05-21 12:00:00 AM,14286,iPhone|Dona (2)
2021-05-22 12:00:00 AM,4338,iPhone|Dona (2)
2021-05-23 12:00:00 AM,10911,iPhone|Dona (2)
2021-05-24 12:00:00 AM,23031,iPhone|Dona (2)
2021-05-25 12:00:00 AM,15169,iPhone|Dona (2)
2021-05-26 12:00:00 AM,24981,iPhone|Dona (2)
2021-05-27 12:00:00 AM,18150,iPhone|Dona (2)
2021-05-28 12:00:00 AM,10224,iPhone|Dona (2)
2021-05-29 12:00:00 AM,11758,iPhone|Dona (2)
2021-05-30 12:00:00 AM,14762,iPhone|Dona (2)
2021-05-31 12:00:00 AM,11180,iPhone|Dona (2)
2021-06-01 12:00:00 AM,11259,iPhone|Dona (2)
2021-06-02 12:00:00 AM,11483,iPhone|Dona (2)
2021-06-03 12:00:00 AM,10286,iPhone|Dona (2)
2021-06-04 12:00:00 AM,8583,iPhone|Dona (2)
2021-06-05 12:00:00 AM,9026,iPhone|Dona (2)
2021-06-06 12:00:00 AM,7175,iPhone|Dona (2)
2021-06-07 12:00:00 AM,8776,iPhone|Dona (2)
2021-06-08 12:00:00 AM,10464,iPhone|Dona (2)
2021-06-09 12:00:00 AM,13391,iPhone|Dona (2)
2021-06-10 12:00:00 AM,7580,iPhone|Dona (2)
2021-06-11 12:00:00 AM,2803,iPhone|Dona (2)
2021-06-12 12:00:00 AM,4895,iPhone|Dona (2)
2021-06-13 12:00:00 AM,15224,iPhone|Dona (2)
2021-06-14 12:00:00 AM,12932,iPhone|Dona (2)
2021-06-15 12:00:00 AM,6777,iPhone|Dona (2)
2021-06-16 12:00:00 AM,568.41,iPhone|Dona (2)
2021-06-17 12:00:00 AM,10814,iPhone|Dona (2)
2021-06-18 12:00:00 AM,8094,iPhone|Dona (2)
2021-06-19 12:00:00 AM,13460,iPhone|Dona (2)
2021-06-20 12:00:00 AM,16737,iPhone|Dona (2)
2021-06-21 12:00:00 AM,1586,iPhone|Dona (2)
2021-06-22 12:00:00 AM,12090,iPhone|Dona (2)
2021-06-23 12:00:00 AM,10617,iPhone|Dona (2)
2021-06-24 12:00:00 AM,10878,iPhone|Dona (2)
2021-06-25 12:00:00 AM,9799,iPhone|Dona (2)
2021-06-26 12:00:00 AM,12559,iPhone|Dona (2)
2021-06-27 12:00:00 AM,4426,iPhone|Dona (2)
2021-06-28 12:00:00 AM,8966,iPhone|Dona (2)
2021-06-29 12:00:00 AM,7644,iPhone|Dona (2)
2021-06-30 12:00:00 AM,1353,iPhone|Dona (2)
2021-07-01 12:00:00 AM,5814,iPhone|Dona (2)
2021-07-02 12:00:00 AM,17785,iPhone|Dona (2)
2021-07-03 12:00:00 AM,7209,iPhone|Dona (2)
2021-07-04 12:00:00 AM,9652,iPhone|Dona (2)
2021-07-05 12:00:00 AM,7134,iPhone|Dona (2)
2021-07-06 12:00:00 AM,18452,iPhone|Dona (2)
2021-07-07 12:00:00 AM,320,iPhone|Dona (2)
2021-07-08 12:00:00 AM,7067,iPhone|Dona (2)
2021-07-09 12:00:00 AM,13712,iPhone|Dona (2)
2021-07-10 12:00:00 AM,12585,iPhone|Dona (2)
2021-07-11 12:00:00 AM,14275,iPhone|Dona (2)
2021-07-12 12:00:00 AM,7421,iPhone|Dona (2)
2021-07-13 12:00:00 AM,10267,iPhone|Dona (2)
2021-07-14 12:00:00 AM,1675,iPhone|Dona (2)
2021-07-15 12:00:00 AM,15859,iPhone|Dona (2)
2021-07-16 12:00:00 AM,9558,iPhone|Dona (2)
2021-07-17 12:00:00 AM,21215,iPhone|Dona (2)
2021-07-18 12:00:00 AM,4680,iPhone|Dona (2)
2021-07-19 12:00:00 AM,9051,iPhone|Dona (2)
2021-07-20 12:00:00 AM,2024,iPhone|Dona (2)
2021-07-21 12:00:00 AM,3898,iPhone|Dona (2)
2021-07-22 12:00:00 AM,17231,iPhone|Dona (2)
2021-07-23 12:00:00 AM,268,iPhone|Dona (2)
2021-07-24 12:00:00 AM,2959,iPhone|Dona (2)
2021-07-25 12:00:00 AM,2361,iPhone|Dona (2)
2021-07-26 12:00:00 AM,4233,iPhone|Dona (2)
2021-07-27 12:00:00 AM,647,iPhone|Dona (2)
2021-07-28 12:00:00 AM,9424,iPhone|Dona (2)
2021-07-29 12:00:00 AM,2010,iPhone|Dona (2)
2021-07-30 12:00:00 AM,11430,iPhone|Dona (2)
2021-07-31 12:00:00 AM,330,iPhone|Dona (2)
2021-08-01 12:00:00 AM,5790,iPhone|Dona (2)
2021-08-02 12:00:00 AM,5494,iPhone|Dona (2)
2021-08-03 12:00:00 AM,150,iPhone|Dona (2)
2021-08-04 12:00:00 AM,10728,iPhone|Dona (2)
2021-08-05 12:00:00 AM,10722,iPhone|Dona (2)
2021-08-06 12:00:00 AM,6085,iPhone|Dona (2)
2021-08-07 12:00:00 AM,5227,iPhone|Dona (2)
2021-08-08 12:00:00 AM,2139,iPhone|Dona (2)
2021-08-09 12:00:00 AM,11861,iPhone|Dona (2)
2021-08-10 12:00:00 AM,6765,iPhone|Dona (2)
2021-08-11 12:00:00 AM,11562,iPhone|Dona (2)
2021-08-12 12:00:00 AM,9421,iPhone|Dona (2)
2021-08-13 12:00:00 AM,12034,iPhone|Dona (2)
2021-08-14 12:00:00 AM,10445,iPhone|Dona (2)
2021-08-15 12:00:00 AM,7013,iPhone|Dona (2)
2021-08-16 12:00:00 AM,9351,iPhone|Dona (2)
2021-08-17 12:00:00 AM,9170,iPhone|Dona (2)
2021-08-18 12:00:00 AM,12026,iPhone|Dona (2)
2021-08-19 12:00:00 AM,4402,iPhone|Dona (2)
2021-08-20 12:00:00 AM,7105,iPhone|Dona (2)
2021-08-21 12:00:00 AM,3772,iPhone|Dona (2)
2021-08-22 12:00:00 AM,23177,iPhone|Dona (2)
2021-08-23 12:00:00 AM,7711,iPhone|Dona (2)
2021-08-24 12:00:00 AM,5273,iPhone|Dona (2)
2021-08-25 12:00:00 AM,13604,iPhone|Dona (2)
2021-08-26 12:00:00 AM,10317,iPhone|Dona (2)
2021-08-27 12:00:00 AM,2397,iPhone|Dona (2)
2021-08-28 12:00:00 AM,1834,iPhone|Dona (2)
2021-08-29 12:00:00 AM,6193,iPhone|Dona (2)
2021-08-30 12:00:00 AM,10023,iPhone|Dona (2)
2021-08-31 12:00:00 AM,7174,iPhone|Dona (2)
2021-09-01 12:00:00 AM,7271,iPhone|Dona (2)
2021-09-02 12:00:00 AM,8965,iPhone|Dona (2)
2021-09-03 12:00:00 AM,4160,iPhone|Dona (2)
2021-09-04 12:00:00 AM,8037,iPhone|Dona (2)
2021-09-05 12:00:00 AM,414,iPhone|Dona (2)
2021-09-06 12:00:00 AM,10480,iPhone|Dona (2)
2021-09-07 12:00:00 AM,8889,iPhone|Dona (2)
2021-09-08 12:00:00 AM,9640,iPhone|Dona (2)
2021-09-09 12:00:00 AM,9052,iPhone|Dona (2)
2021-09-10 12:00:00 AM,1982,iPhone|Dona (2)
2021-09-11 12:00:00 AM,10407,iPhone|Dona (2)
2021-09-12 12:00:00 AM,4701,iPhone|Dona (2)
2021-09-13 12:00:00 AM,7918,iPhone|Dona (2)
2021-09-14 12:00:00 AM,429,iPhone|Dona (2)
2021-09-15 12:00:00 AM,1110,iPhone|Dona (2)
2021-09-16 12:00:00 AM,5570,iPhone|Dona (2)
2021-09-17 12:00:00 AM,5175,iPhone|Dona (2)
2021-09-18 12:00:00 AM,5497,iPhone|Dona (2)
2021-09-19 12:00:00 AM,9480,iPhone|Dona (2)
2021-09-20 12:00:00 AM,10855,iPhone|Dona (2)
2021-09-21 12:00:00 AM,3152,iPhone|Dona (2)
2021-09-22 12:00:00 AM,465,iPhone|Dona (2)
2021-09-23 12:00:00 AM,1386,iPhone|Dona (2)
2021-09-24 12:00:00 AM,2439,iPhone|Dona (2)
2021-09-25 12:00:00 AM,3343,iPhone|Dona (2)
2021-09-26 12:00:00 AM,2397,iPhone|Dona (2)
2021-09-27 12:00:00 AM,2044,iPhone|Dona (2)
2021-09-28 12:00:00 AM,835,iPhone|Dona (2)
2021-09-29 12:00:00 AM,8090,iPhone|Dona (2)
2021-09-30 12:00:00 AM,9237,iPhone|Dona (2)
2021-10-01 12:00:00 AM,2080,iPhone|Dona (2)
2021-10-02 12:00:00 AM,1352,iPhone|Dona (2)
2021-10-03 12:00:00 AM,2477,iPhone|Dona (2)
2021-10-04 12:00:00 AM,3796,iPhone|Dona (2)
2021-10-05 12:00:00 AM,6005,iPhone|Dona (2)
2021-10-06 12:00:00 AM,5756,iPhone|Dona (2)
2021-10-07 12:00:00 AM,507,iPhone|Dona (2)
2021-10-08 12:00:00 AM,6172,iPhone|Dona (2)
2021-10-09 12:00:00 AM,4221,iPhone|Dona (2)
2021-10-10 12:00:00 AM,746,iPhone|Dona (2)
2021-10-11 12:00:00 AM,2935,iPhone|Dona (2)
2021-10-12 12:00:00 AM,760,iPhone|Dona (2)
2021-10-13 12:00:00 AM,5387,iPhone|Dona (2)
2021-10-14 12:00:00 AM,1252,iPhone|Dona (2)
2021-10-15 12:00:00 AM,705,iPhone|Dona (2)
2021-10-16 12:00:00 AM,1762,iPhone|Dona (2)
2021-10-17 12:00:00 AM,5781,iPhone|Dona (2)
2021-10-18 12:00:00 AM,9545,iPhone|Dona (2)
2021-10-19 12:00:00 AM,1737,iPhone|Dona (2)
2021-10-20 12:00:00 AM,4709,iPhone|Dona (2)
2021-10-21 12:00:00 AM,86,iPhone|Dona (2)
2021-10-22 12:00:00 AM,122,iPhone|Dona (2)
2021-10-23 12:00:00 AM,5212,iPhone|Dona (2)
2021-10-24 12:00:00 AM,3872,iPhone|Dona (2)
2021-10-25 12:00:00 AM,4847,iPhone|Dona (2)
2021-10-26 12:00:00 AM,4499,iPhone|Dona (2)
2021-10-27 12:00:00 AM,4651,iPhone|Dona (2)
2021-10-28 12:00:00 AM,3866,iPhone|Dona (2)
2021-10-29 12:00:00 AM,2368,iPhone|Dona (2)
2021-10-30 12:00:00 AM,8903,iPhone|Dona (2)
2021-10-31 12:00:00 AM,3623,iPhone|Dona (2)
2021-11-01 12:00:00 AM,2274,iPhone|Dona (2)
2021-11-02 12:00:00 AM,2321,iPhone|Dona (2)
2021-11-03 12:00:00 AM,2263,iPhone|Dona (2)
2021-11-04 12:00:00 AM,1332,iPhone|Dona (2)
2021-11-05 12:00:00 AM,8759,iPhone|Dona (2)
2021-11-06 12:00:00 AM,2456,iPhone|Dona (2)
2021-11-07 12:00:00 AM,11791,iPhone|Dona (2)
2021-11-08 12:00:00 AM,1506,iPhone|Dona (2)
2021-11-09 12:00:00 AM,5903,iPhone|Dona (2)
2021-11-10 12:00:00 AM,5277,iPhone|Dona (2)
2021-11-11 12:00:00 AM,1362,iPhone|Dona (2)
2021-11-12 12:00:00 AM,6644,iPhone|Dona (2)
2021-11-13 12:00:00 AM,1594,iPhone|Dona (2)
2021-11-14 12:00:00 AM,2509,iPhone|Dona (2)
2021-11-15 12:00:00 AM,3541,iPhone|Dona (2)
2021-11-16 12:00:00 AM,1191,iPhone|Dona (2)
2021-11-17 12:00:00 AM,2282,iPhone|Dona (2)
2021-11-18 12:00:00 AM,2129,iPhone|Dona (2)
2021-11-19 12:00:00 AM,3007,iPhone|Dona (2)
2021-11-20 12:00:00 AM,6235,iPhone|Dona (2)
2021-11-21 12:00:00 AM,1431,iPhone|Dona (2)
2021-11-22 12:00:00 AM,2260,iPhone|Dona (2)
2021-11-23 12:00:00 AM,1541,iPhone|Dona (2)
2021-11-24 12:00:00 AM,3597,iPhone|Dona (2)
2021-11-25 12:00:00 AM,3248,iPhone|Dona (2)
2021-11-26 12:00:00 AM,1769,iPhone|Dona (2)
2021-11-27 12:00:00 AM,6839,iPhone|Dona (2)
2021-11-28 12:00:00 AM,1954,iPhone|Dona (2)
2021-11-29 12:00:00 AM,1940,iPhone|Dona (2)
2021-11-30 12:00:00 AM,7488,iPhone|Dona (2)
2021-12-01 12:00:00 AM,2497,iPhone|Dona (2)
2021-12-02 12:00:00 AM,12885,iPhone|Dona (2)
2021-12-03 12:00:00 AM,7176,iPhone|Dona (2)
2021-12-04 12:00:00 AM,853,iPhone|Dona (2)
2021-12-05 12:00:00 AM,1883,iPhone|Dona (2)
2021-12-06 12:00:00 AM,4958,iPhone|Dona (2)
2021-12-07 12:00:00 AM,4824,iPhone|Dona (2)
2021-12-08 12:00:00 AM,1666,iPhone|Dona (2)
2021-12-09 12:00:00 AM,4647,iPhone|Dona (2)
2021-12-10 12:00:00 AM,3584,iPhone|Dona (2)
2021-12-11 12:00:00 AM,2294,iPhone|Dona (2)
2021-12-12 12:00:00 AM,818,iPhone|Dona (2)
2021-12-13 12:00:00 AM,3775,iPhone|Dona (2)
2021-12-14 12:00:00 AM,5938,iPhone|Dona (2)
2021-12-15 12:00:00 AM,832,iPhone|Dona (2)
2021-12-16 12:00:00 AM,5783,iPhone|Dona (2)
2021-12-17 12:00:00 AM,3956,iPhone|Dona (2)
2021-12-18 12:00:00 AM,8667,iPhone|Dona (2)
2021-12-19 12:00:00 AM,9358,iPhone|Dona (2)
2021-12-20 12:00:00 AM,8687,iPhone|Dona (2)
2021-12-21 12:00:00 AM,4100,iPhone|Dona (2)
2021-12-22 12:00:00 AM,4545,iPhone|Dona (2)
2021-12-23 12:00:00 AM,7932,iPhone|Dona (2)
2021-12-24 12:00:00 AM,5998,iPhone|Dona (2)
2021-12-25 12:00:00 AM,2550,iPhone|Dona (2)
2021-12-26 12:00:00 AM,6030,iPhone|Dona (2)
2021-12-27 12:00:00 AM,5101,iPhone|Dona (2)
2021-12-28 12:00:00 AM,11894,iPhone|Dona (2)
2021-12-29 12:00:00 AM,4768,iPhone|Dona (2)
2021-12-30 12:00:00 AM,326,iPhone|Dona (2)
2021-12-31 12:00:00 AM,1517,iPhone|Dona (2)
2022-01-01 12:00:00 AM,6769,iPhone|Dona (2)
2022-01-02 12:00:00 AM,4604,iPhone|Dona (2)
2022-01-03 12:00:00 AM,8801,iPhone|Dona (2)
2022-01-04 12:00:00 AM,20055,iPhone|Dona (2)
2022-01-05 12:00:00 AM,2929,iPhone|Dona (2)
2022-01-06 12:00:00 AM,100,iPhone|Dona (2)
2022-01-07 12:00:00 AM,6977,iPhone|Dona (2)
2022-01-08 12:00:00 AM,105,iPhone|Dona (2)
2022-01-09 12:00:00 AM,9345,iPhone|Dona (2)
2022-01-10 12:00:00 AM,2143,iPhone|Dona (2)
2022-01-11 12:00:00 AM,5222,iPhone|Dona (2)
2022-01-12 12:00:00 AM,1962,iPhone|Dona (2)
2022-01-13 12:00:00 AM,3096,iPhone|Dona (2)
2022-01-14 12:00:00 AM,3891,iPhone|Dona (2)
2022-01-15 12:00:00 AM,1927,iPhone|Dona (2)
2022-01-16 12:00:00 AM,6916,iPhone|Dona (2)
2022-01-17 12:00:00 AM,2695,iPhone|Dona (2)
2022-01-18 12:00:00 AM,2146,iPhone|Dona (2)
2022-01-19 12:00:00 AM,2533,iPhone|Dona (2)
2022-01-20 12:00:00 AM,2890,iPhone|Dona (2)
2022-01-21 12:00:00 AM,2089,iPhone|Dona (2)
2022-01-22 12:00:00 AM,26,iPhone|Dona (2)
2022-01-23 12:00:00 AM,193,iPhone|Dona (2)
2022-01-24 12:00:00 AM,314,iPhone|Dona (2)
2022-01-25 12:00:00 AM,122,iPhone|Dona (2)
2022-01-26 12:00:00 AM,191,iPhone|Dona (2)
2022-01-27 12:00:00 AM,5966,iPhone|Dona (2)
2022-01-28 12:00:00 AM,2447,iPhone|Dona (2)
2022-01-29 12:00:00 AM,2026,iPhone|Dona (2)
2022-01-30 12:00:00 AM,670,iPhone|Dona (2)
2022-01-31 12:00:00 AM,1657,iPhone|Dona (2)
2022-02-01 12:00:00 AM,2794,iPhone|Dona (2)
2022-02-02 12:00:00 AM,3300,iPhone|Dona (2)
2022-02-03 12:00:00 AM,8249,iPhone|Dona (2)
2022-02-04 12:00:00 AM,3442,iPhone|Dona (2)
2022-02-05 12:00:00 AM,4281,iPhone|Dona (2)
2022-02-06 12:00:00 AM,589,iPhone|Dona (2)
2022-02-07 12:00:00 AM,5518,iPhone|Dona (2)
2022-02-08 12:00:00 AM,882,iPhone|Dona (2)
2022-02-09 12:00:00 AM,1124,iPhone|Dona (2)
2022-02-10 12:00:00 AM,1125,iPhone|Dona (2)
2022-02-11 12:00:00 AM,6844,iPhone|Dona (2)
2022-02-12 12:00:00 AM,2582,iPhone|Dona (2)
2022-02-13 12:00:00 AM,1946,iPhone|Dona (2)
2022-02-14 12:00:00 AM,2667,iPhone|Dona (2)
2022-02-15 12:00:00 AM,6007,iPhone|Dona (2)
2022-02-16 12:00:00 AM,3420,iPhone|Dona (2)
2022-02-17 12:00:00 AM,4611,iPhone|Dona (2)
2022-02-18 12:00:00 AM,5001,iPhone|Dona (2)
2022-02-19 12:00:00 AM,3483,iPhone|Dona (2)
2022-02-20 12:00:00 AM,6262,iPhone|Dona (2)
2022-02-21 12:00:00 AM,4309,iPhone|Dona (2)
2022-02-22 12:00:00 AM,3855,iPhone|Dona (2)
2022-02-23 12:00:00 AM,12953,iPhone|Dona (2)
2022-02-24 12:00:00 AM,9227,iPhone|Dona (2)
2022-02-25 12:00:00 AM,7096,iPhone|Dona (2)
2022-02-26 12:00:00 AM,2825,iPhone|Dona (2)
2022-02-27 12:00:00 AM,1958,iPhone|Dona (2)
2022-02-28 12:00:00 AM,5410,iPhone|Dona (2)
2022-03-01 12:00:00 AM,8302,iPhone|Dona (2)
2022-03-02 12:00:00 AM,5909,iPhone|Dona (2)
2022-03-03 12:00:00 AM,3894,iPhone|Dona (2)
2022-03-04 12:00:00 AM,7508,iPhone|Dona (2)
2022-03-05 12:00:00 AM,11071,iPhone|Dona (2)
2022-03-06 12:00:00 AM,7544,iPhone|Dona (2)
2022-03-07 12:00:00 AM,6441,iPhone|Dona (2)
2022-03-08 12:00:00 AM,6374,iPhone|Dona (2)
2022-03-09 12:00:00 AM,3984,iPhone|Dona (2)
2022-03-10 12:00:00 AM,3710,iPhone|Dona (2)
2022-03-11 12:00:00 AM,5599,iPhone|Dona (2)
2022-03-12 12:00:00 AM,1076,iPhone|Dona (2)
2022-03-13 12:00:00 AM,3573,iPhone|Dona (2)
2022-03-14 12:00:00 AM,11237,iPhone|Dona (2)
2022-03-15 12:00:00 AM,5634,iPhone|Dona (2)
2022-03-16 12:00:00 AM,5022,iPhone|Dona (2)
2022-03-17 12:00:00 AM,12084,iPhone|Dona (2)
2022-03-18 12:00:00 AM,4711,iPhone|Dona (2)
2022-03-19 12:00:00 AM,13061,iPhone|Dona (2)
2022-03-20 12:00:00 AM,3946,iPhone|Dona (2)
2022-03-21 12:00:00 AM,2402,iPhone|Dona (2)
2022-03-22 12:00:00 AM,12195,iPhone|Dona (2)
2022-03-23 12:00:00 AM,1579,iPhone|Dona (2)
2022-03-24 12:00:00 AM,3781,iPhone|Dona (2)
2022-03-25 12:00:00 AM,3030,iPhone|Dona (2)
2022-03-26 12:00:00 AM,1286,iPhone|Dona (2)
2022-03-27 12:00:00 AM,4624,iPhone|Dona (2)
2022-03-28 12:00:00 AM,5087,iPhone|Dona (2)
2022-03-29 12:00:00 AM,1877,iPhone|Dona (2)
2022-03-30 12:00:00 AM,7430,iPhone|Dona (2)
2022-03-31 12:00:00 AM,2590,iPhone|Dona (2)
2022-04-01 12:00:00 AM,9842,iPhone|Dona (2)
2022-04-02 12:00:00 AM,2786,iPhone|Dona (2)
2022-04-03 12:00:00 AM,9037,iPhone|Dona (2)
2022-04-04 12:00:00 AM,8644,iPhone|Dona (2)
2022-04-05 12:00:00 AM,2829,iPhone|Dona (2)
2022-04-06 12:00:00 AM,10492,iPhone|Dona (2)
2022-04-07 12:00:00 AM,5108,iPhone|Dona (2)
2022-04-08 12:00:00 AM,9816,iPhone|Dona (2)
2022-04-09 12:00:00 AM,3913,iPhone|Dona (2)
2022-04-10 12:00:00 AM,4992,iPhone|Dona (2)
2022-04-11 12:00:00 AM,4545,iPhone|Dona (2)
2022-04-12 12:00:00 AM,3003,iPhone|Dona (2)
2022-04-13 12:00:00 AM,11968,iPhone|Dona (2)
2022-04-14 12:00:00 AM,12526,iPhone|Dona (2)
2022-04-15 12:00:00 AM,12502,iPhone|Dona (2)
2022-04-16 12:00:00 AM,5599,iPhone|Dona (2)
2022-04-17 12:00:00 AM,6227,iPhone|Dona (2)
2022-04-18 12:00:00 AM,1531,iPhone|Dona (2)
2022-04-19 12:00:00 AM,8499,iPhone|Dona (2)
2022-04-20 12:00:00 AM,2182,iPhone|Dona (2)
2022-04-21 12:00:00 AM,10913,iPhone|Dona (2)
2022-04-22 12:00:00 AM,9621,iPhone|Dona (2)
2022-04-23 12:00:00 AM,2103,iPhone|Dona (2)
2022-04-24 12:00:00 AM,2306,iPhone|Dona (2)
2022-04-25 12:00:00 AM,14905,iPhone|Dona (2)
2022-04-26 12:00:00 AM,6878,iPhone|Dona (2)
2022-04-27 12:00:00 AM,6875,iPhone|Dona (2)
2022-04-28 12:00:00 AM,16631,iPhone|Dona (2)
2022-04-29 12:00:00 AM,11966,iPhone|Dona (2)
2022-04-30 12:00:00 AM,14086,iPhone|Dona (2)
2022-05-01 12:00:00 AM,8193,iPhone|Dona (2)
2022-05-02 12:00:00 AM,9963,iPhone|Dona (2)
2022-05-03 12:00:00 AM,14905,iPhone|Dona (2)
2022-05-04 12:00:00 AM,3224,iPhone|Dona (2)
2022-05-05 12:00:00 AM,11122,iPhone|Dona (2)
2022-05-06 12:00:00 AM,12625,iPhone|Dona (2)
2022-05-07 12:00:00 AM,16280,iPhone|Dona (2)
2022-05-08 12:00:00 AM,6458,iPhone|Dona (2)
2022-05-09 12:00:00 AM,21364,iPhone|Dona (2)
2022-05-10 12:00:00 AM,19368,iPhone|Dona (2)
2022-05-11 12:00:00 AM,20144,iPhone|Dona (2)
2022-05-12 12:00:00 AM,20798,iPhone|Dona (2)
2022-05-13 12:00:00 AM,15916,iPhone|Dona (2)
2022-05-14 12:00:00 AM,9694,iPhone|Dona (2)
2022-05-15 12:00:00 AM,10110,iPhone|Dona (2)
2022-05-16 12:00:00 AM,8645,iPhone|Dona (2)
2022-05-17 12:00:00 AM,10307,iPhone|Dona (2)
2022-05-18 12:00:00 AM,10507,iPhone|Dona (2)
2022-05-19 12:00:00 AM,2942,iPhone|Dona (2)
2022-05-20 12:00:00 AM,6163,iPhone|Dona (2)
2022-05-21 12:00:00 AM,8172,iPhone|Dona (2)
2022-05-22 12:00:00 AM,8932,iPhone|Dona (2)
2022-05-23 12:00:00 AM,8051,iPhone|Dona (2)
2022-05-24 12:00:00 AM,2797,iPhone|Dona (2)
2022-05-25 12:00:00 AM,198,iPhone|Dona (2)
2022-05-26 12:00:00 AM,5093,iPhone|Dona (2)
2022-05-27 12:00:00 AM,1789,iPhone|Dona (2)
2022-05-28 12:00:00 AM,1038,iPhone|Dona (2)
2022-05-29 12:00:00 AM,5506,iPhone|Dona (2)
2022-05-30 12:00:00 AM,2122,iPhone|Dona (2)
2022-05-31 12:00:00 AM,1772,iPhone|Dona (2)
2022-06-01 12:00:00 AM,9839,iPhone|Dona (2)
2022-06-02 12:00:00 AM,4685,iPhone|Dona (2)
2022-06-03 12:00:00 AM,4751,iPhone|Dona (2)
2022-06-04 12:00:00 AM,4824,iPhone|Dona (2)
2022-06-05 12:00:00 AM,892,iPhone|Dona (2)
2022-06-06 12:00:00 AM,1242,iPhone|Dona (2)
2022-06-07 12:00:00 AM,4056,iPhone|Dona (2)
2022-06-08 12:00:00 AM,3077,iPhone|Dona (2)
2022-06-09 12:00:00 AM,7616,iPhone|Dona (2)
2022-06-10 12:00:00 AM,2962,iPhone|Dona (2)
2022-06-11 12:00:00 AM,2456,iPhone|Dona (2)
2022-06-12 12:00:00 AM,8484,iPhone|Dona (2)
2022-06-13 12:00:00 AM,3493,iPhone|Dona (2)
2022-06-14 12:00:00 AM,4309,iPhone|Dona (2)
2022-06-15 12:00:00 AM,4506,iPhone|Dona (2)
2022-06-16 12:00:00 AM,10609,iPhone|Dona (2)
2022-06-17 12:00:00 AM,15879,iPhone|Dona (2)
2022-06-18 12:00:00 AM,3619,iPhone|Dona (2)
2022-06-19 12:00:00 AM,697,iPhone|Dona (2)
2022-06-20 12:00:00 AM,4662,iPhone|Dona (2)
2022-06-21 12:00:00 AM,3158,iPhone|Dona (2)
2022-06-22 12:00:00 AM,2065,iPhone|Dona (2)
2022-06-23 12:00:00 AM,5862,iPhone|Dona (2)
2022-06-24 12:00:00 AM,9054,iPhone|Dona (2)
2022-06-25 12:00:00 AM,7229,iPhone|Dona (2)
2022-06-26 12:00:00 AM,3157,iPhone|Dona (2)
2022-06-27 12:00:00 AM,10776,iPhone|Dona (2)
2022-06-28 12:00:00 AM,12727,iPhone|Dona (2)
2022-06-29 12:00:00 AM,4662,iPhone|Dona (2)
2022-06-30 12:00:00 AM,4247,iPhone|Dona (2)
2022-07-01 12:00:00 AM,4465,iPhone|Dona (2)
2022-07-02 12:00:00 AM,3791,iPhone|Dona (2)
2022-07-03 12:00:00 AM,9929,iPhone|Dona (2)
2022-07-04 12:00:00 AM,14751,iPhone|Dona (2)
2022-07-05 12:00:00 AM,11841,iPhone|Dona (2)
2022-07-06 12:00:00 AM,4400,iPhone|Dona (2)
2022-07-07 12:00:00 AM,3580,iPhone|Dona (2)
2022-07-08 12:00:00 AM,8559,iPhone|Dona (2)
2022-07-09 12:00:00 AM,12197,iPhone|Dona (2)
2022-07-10 12:00:00 AM,8452,iPhone|Dona (2)
2022-07-11 12:00:00 AM,5974,iPhone|Dona (2)
2022-07-12 12:00:00 AM,17090,iPhone|Dona (2)
2022-07-13 12:00:00 AM,3574,iPhone|Dona (2)
2022-07-14 12:00:00 AM,12000,iPhone|Dona (2)
2022-07-15 12:00:00 AM,7943,iPhone|Dona (2)
2022-07-16 12:00:00 AM,11590,iPhone|Dona (2)
2022-07-17 12:00:00 AM,10911,iPhone|Dona (2)
2022-07-18 12:00:00 AM,5741,iPhone|Dona (2)
2022-07-19 12:00:00 AM,8905,iPhone|Dona (2)
2022-07-20 12:00:00 AM,25792,iPhone|Dona (2)
2022-07-21 12:00:00 AM,8364,iPhone|Dona (2)
2022-07-22 12:00:00 AM,6994,iPhone|Dona (2)
2022-07-23 12:00:00 AM,4060,iPhone|Dona (2)
2022-07-24 12:00:00 AM,8003,iPhone|Dona (2)
2022-07-25 12:00:00 AM,2352,iPhone|Dona (2)
2022-07-26 12:00:00 AM,6286,iPhone|Dona (2)
2022-07-27 12:00:00 AM,7903,iPhone|Dona (2)
2022-07-28 12:00:00 AM,8399,iPhone|Dona (2)
2022-07-29 12:00:00 AM,8018,iPhone|Dona (2)
2022-07-30 12:00:00 AM,14204,iPhone|Dona (2)
2022-07-31 12:00:00 AM,1214,iPhone|Dona (2)
2022-08-01 12:00:00 AM,4696,iPhone|Dona (2)
2022-08-02 12:00:00 AM,9250,iPhone|Dona (2)
2022-08-03 12:00:00 AM,8683,iPhone|Dona (2)
2022-08-04 12:00:00 AM,28526,iPhone|Dona (2)
2022-08-05 12:00:00 AM,8033,iPhone|Dona (2)
2022-08-06 12:00:00 AM,5151,iPhone|Dona (2)
2022-08-07 12:00:00 AM,10567,iPhone|Dona (2)
2022-08-08 12:00:00 AM,3690,iPhone|Dona (2)
2022-08-09 12:00:00 AM,4288,iPhone|Dona (2)
2022-08-10 12:00:00 AM,10273,iPhone|Dona (2)
2022-08-11 12:00:00 AM,5912,iPhone|Dona (2)
2022-08-12 12:00:00 AM,7093,iPhone|Dona (2)
2022-08-13 12:00:00 AM,14373,iPhone|Dona (2)
2022-08-14 12:00:00 AM,3925,iPhone|Dona (2)
2022-08-15 12:00:00 AM,8311,iPhone|Dona (2)
2022-08-16 12:00:00 AM,10182,iPhone|Dona (2)
2022-08-17 12:00:00 AM,5625,iPhone|Dona (2)
2022-08-18 12:00:00 AM,4857,iPhone|Dona (2)
2022-08-19 12:00:00 AM,7142,iPhone|Dona (2)
2022-08-20 12:00:00 AM,17776,iPhone|Dona (2)
2022-08-21 12:00:00 AM,2210,iPhone|Dona (2)
2022-08-22 12:00:00 AM,14044,iPhone|Dona (2)
2022-08-23 12:00:00 AM,9975,iPhone|Dona (2)
2022-08-24 12:00:00 AM,18384,iPhone|Dona (2)
2022-08-25 12:00:00 AM,8734,iPhone|Dona (2)
2022-08-26 12:00:00 AM,11110,iPhone|Dona (2)
2022-08-27 12:00:00 AM,17774,iPhone|Dona (2)
2022-08-28 12:00:00 AM,6673,iPhone|Dona (2)
2022-08-29 12:00:00 AM,10819,iPhone|Dona (2)
2022-08-30 12:00:00 AM,4624,iPhone|Dona (2)
2022-08-31 12:00:00 AM,17979,iPhone|Dona (2)
2022-09-01 12:00:00 AM,7087,iPhone|Dona (2)
2022-09-02 12:00:00 AM,18890,iPhone|Dona (2)
2022-09-03 12:00:00 AM,5833,iPhone|Dona (2)
2022-09-04 12:00:00 AM,16022,iPhone|Dona (2)
2022-09-05 12:00:00 AM,11441,iPhone|Dona (2)
2022-09-06 12:00:00 AM,10007,iPhone|Dona (2)
2022-09-07 12:00:00 AM,10643,iPhone|Dona (2)
2022-09-08 12:00:00 AM,9584,iPhone|Dona (2)
2022-09-09 12:00:00 AM,4389,iPhone|Dona (2)
2022-09-10 12:00:00 AM,14491,iPhone|Dona (2)
2022-09-11 12:00:00 AM,1388,iPhone|Dona (2)
2022-09-12 12:00:00 AM,18438,iPhone|Dona (2)
2022-09-13 12:00:00 AM,13422,iPhone|Dona (2)
2022-09-14 12:00:00 AM,14507,iPhone|Dona (2)
2022-09-15 12:00:00 AM,2663,iPhone|Dona (2)
2022-09-16 12:00:00 AM,21622,iPhone|Dona (2)
2022-09-17 12:00:00 AM,6049,iPhone|Dona (2)
2022-09-18 12:00:00 AM,3930,iPhone|Dona (2)
2022-09-19 12:00:00 AM,14738,iPhone|Dona (2)
2022-09-20 12:00:00 AM,5036,iPhone|Dona (2)
2022-09-21 12:00:00 AM,6027,iPhone|Dona (2)
2022-09-22 12:00:00 AM,6688,iPhone|Dona (2)
2022-09-23 12:00:00 AM,17912,iPhone|Dona (2)
2022-09-24 12:00:00 AM,12461,iPhone|Dona (2)
2022-09-25 12:00:00 AM,36077,iPhone|Dona (2)
2022-09-26 12:00:00 AM,34021,iPhone|Dona (2)
2022-09-27 12:00:00 AM,26864,iPhone|Dona (2)
2022-09-28 12:00:00 AM,23908,iPhone|Dona (2)
2022-09-29 12:00:00 AM,12580,iPhone|Dona (2)
2022-09-30 12:00:00 AM,39761,iPhone|Dona (2)
2022-10-01 12:00:00 AM,2186,iPhone|Dona (2)
2022-10-02 12:00:00 AM,4160,iPhone|Dona (2)
2022-10-03 12:00:00 AM,3633,iPhone|Dona (2)
2022-10-04 12:00:00 AM,6860,iPhone|Dona (2)
2022-10-05 12:00:00 AM,13780,iPhone|Dona (2)
2022-10-06 12:00:00 AM,10662,iPhone|Dona (2)
2022-10-07 12:00:00 AM,24118,iPhone|Dona (2)
2022-10-08 12:00:00 AM,8277,iPhone|Dona (2)
2022-10-09 12:00:00 AM,14798,iPhone|Dona (2)
2022-10-10 12:00:00 AM,14622,iPhone|Dona (2)
2022-10-11 12:00:00 AM,5752,iPhone|Dona (2)
2022-10-12 12:00:00 AM,11412,iPhone|Dona (2)
2022-10-13 12:00:00 AM,17032,iPhone|Dona (2)
2022-10-14 12:00:00 AM,7401,iPhone|Dona (2)
2022-10-15 12:00:00 AM,16664,iPhone|Dona (2)
2022-10-16 12:00:00 AM,10821,iPhone|Dona (2)
2022-10-17 12:00:00 AM,17207,iPhone|Dona (2)
2022-10-18 12:00:00 AM,8271,iPhone|Dona (2)
2022-10-19 12:00:00 AM,15765,iPhone|Dona (2)
2022-10-20 12:00:00 AM,15993,iPhone|Dona (2)
2022-10-21 12:00:00 AM,11681,iPhone|Dona (2)
2022-10-22 12:00:00 AM,6207,iPhone|Dona (2)
2022-10-23 12:00:00 AM,3612,iPhone|Dona (2)
2022-10-24 12:00:00 AM,3734,iPhone|Dona (2)
2022-10-25 12:00:00 AM,8254,iPhone|Dona (2)
2022-10-26 12:00:00 AM,9863,iPhone|Dona (2)
2022-10-27 12:00:00 AM,9569,iPhone|Dona (2)
2022-10-28 12:00:00 AM,7898,iPhone|Dona (2)
2022-10-29 12:00:00 AM,10886,iPhone|Dona (2)
2022-10-30 12:00:00 AM,4417,iPhone|Dona (2)
2022-10-31 12:00:00 AM,9032,iPhone|Dona (2)
2022-11-01 12:00:00 AM,7822,iPhone|Dona (2)
2022-11-02 12:00:00 AM,7086,iPhone|Dona (2)
2022-11-03 12:00:00 AM,6595,iPhone|Dona (2)
2022-11-04 12:00:00 AM,9282,iPhone|Dona (2)
2022-11-05 12:00:00 AM,6050,iPhone|Dona (2)
2022-11-06 12:00:00 AM,4283,iPhone|Dona (2)
2022-11-07 12:00:00 AM,90,iPhone|Dona (2)
2022-11-08 12:00:00 AM,3619,iPhone|Dona (2)
2022-11-09 12:00:00 AM,9147,iPhone|Dona (2)
2022-11-10 12:00:00 AM,8456,iPhone|Dona (2)
2022-11-11 12:00:00 AM,12852,iPhone|Dona (2)
2022-11-12 12:00:00 AM,10619,iPhone|Dona (2)
2022-11-13 12:00:00 AM,5664,iPhone|Dona (2)
2022-11-14 12:00:00 AM,3163,iPhone|Dona (2)
2022-11-15 12:00:00 AM,6245,iPhone|Dona (2)
2022-11-16 12:00:00 AM,14260,iPhone|Dona (2)
2022-11-17 12:00:00 AM,3971,iPhone|Dona (2)
2022-11-18 12:00:00 AM,9936,iPhone|Dona (2)
2022-11-19 12:00:00 AM,9413,iPhone|Dona (2)
2022-11-20 12:00:00 AM,6586,iPhone|Dona (2)
2022-11-21 12:00:00 AM,7283,iPhone|Dona (2)
2022-11-22 12:00:00 AM,11620,iPhone|Dona (2)
2022-11-23 12:00:00 AM,7942,iPhone|Dona (2)
2022-11-24 12:00:00 AM,6492,iPhone|Dona (2)
2022-11-25 12:00:00 AM,6947,iPhone|Dona (2)
2022-11-26 12:00:00 AM,5380,iPhone|Dona (2)
2022-11-27 12:00:00 AM,7812,iPhone|Dona (2)
2022-11-28 12:00:00 AM,5780,iPhone|Dona (2)
2022-11-29 12:00:00 AM,6404,iPhone|Dona (2)
2022-11-30 12:00:00 AM,9561,iPhone|Dona (2)
2022-12-01 12:00:00 AM,8347,iPhone|Dona (2)
2022-12-02 12:00:00 AM,6692,iPhone|Dona (2)
2022-12-03 12:00:00 AM,5644,iPhone|Dona (2)
2022-12-04 12:00:00 AM,2807,iPhone|Dona (2)
2022-12-05 12:00:00 AM,4448,iPhone|Dona (2)
2022-12-06 12:00:00 AM,1980,iPhone|Dona (2)
2022-12-07 12:00:00 AM,73,iPhone|Dona (2)
2022-12-08 12:00:00 AM,1139,iPhone|Dona (2)
2022-12-09 12:00:00 AM,815,iPhone|Dona (2)
2022-12-10 12:00:00 AM,1142,iPhone|Dona (2)
2022-12-11 12:00:00 AM,2467,iPhone|Dona (2)
2022-12-12 12:00:00 AM,3124,iPhone|Dona (2)
2022-12-13 12:00:00 AM,7734,iPhone|Dona (2)
2022-12-14 12:00:00 AM,7225,iPhone|Dona (2)
2022-12-15 12:00:00 AM,7461,iPhone|Dona (2)
2022-12-16 12:00:00 AM,13335,iPhone|Dona (2)
2022-12-17 12:00:00 AM,5326,iPhone|Dona (2)
2022-12-18 12:00:00 AM,8406,iPhone|Dona (2)
2022-12-19 12:00:00 AM,12441,iPhone|Dona (2)
2022-12-20 12:00:00 AM,14980,iPhone|Dona (2)
2022-12-21 12:00:00 AM,11139,iPhone|Dona (2)
2022-12-22 12:00:00 AM,6845,iPhone|Dona (2)
2022-12-23 12:00:00 AM,4770,iPhone|Dona (2)
2022-12-24 12:00:00 AM,2135,iPhone|Dona (2)
2022-12-25 12:00:00 AM,4261,iPhone|Dona (2)
2022-12-26 12:00:00 AM,9363,iPhone|Dona (2)
2022-12-27 12:00:00 AM,7484,iPhone|Dona (2)
2022-12-28 12:00:00 AM,5156,iPhone|Dona (2)
2022-12-29 12:00:00 AM,6520,iPhone|Dona (2)
2022-12-30 12:00:00 AM,5504,iPhone|Dona (2)
2022-12-31 12:00:00 AM,5958,iPhone|Dona (2)
2023-01-01 12:00:00 AM,385,iPhone|Dona (2)
2023-01-02 12:00:00 AM,1358,iPhone|Dona (2)
2023-01-03 12:00:00 AM,736,iPhone|Dona (2)
2023-01-04 12:00:00 AM,4534,iPhone|Dona (2)
2023-01-05 12:00:00 AM,4711,iPhone|Dona (2)
2023-01-06 12:00:00 AM,7821,iPhone|Dona (2)
2023-01-07 12:00:00 AM,7778,iPhone|Dona (2)
2023-01-08 12:00:00 AM,13218,iPhone|Dona (2)
2023-01-09 12:00:00 AM,13701,iPhone|Dona (2)
2023-01-10 12:00:00 AM,3711,iPhone|Dona (2)
2023-01-11 12:00:00 AM,6417,iPhone|Dona (2)
2023-01-12 12:00:00 AM,5860,iPhone|Dona (2)
2023-01-13 12:00:00 AM,12112,iPhone|Dona (2)
2023-01-14 12:00:00 AM,6889,iPhone|Dona (2)
2023-01-15 12:00:00 AM,7239,iPhone|Dona (2)
2023-01-16 12:00:00 AM,17353,iPhone|Dona (2)
2023-01-17 12:00:00 AM,13180,iPhone|Dona (2)
2023-01-18 12:00:00 AM,6665,iPhone|Dona (2)
2023-01-19 12:00:00 AM,7546,iPhone|Dona (2)
2023-01-20 12:00:00 AM,5778,iPhone|Dona (2)
2023-01-21 12:00:00 AM,1911,iPhone|Dona (2)
2023-01-22 12:00:00 AM,5995,iPhone|Dona (2)
2023-01-23 12:00:00 AM,12209,iPhone|Dona (2)
2023-01-24 12:00:00 AM,12129,iPhone|Dona (2)
2023-01-25 12:00:00 AM,5655,iPhone|Dona (2)
2023-01-26 12:00:00 AM,7287,iPhone|Dona (2)
2023-01-27 12:00:00 AM,12765,iPhone|Dona (2)
2023-01-28 12:00:00 AM,4889,iPhone|Dona (2)
2023-01-29 12:00:00 AM,8592,iPhone|Dona (2)
2023-01-30 12:00:00 AM,13988,iPhone|Dona (2)
2023-01-31 12:00:00 AM,17815,iPhone|Dona (2)
2023-02-01 12:00:00 AM,5516,iPhone|Dona (2)
2023-02-02 12:00:00 AM,10395,iPhone|Dona (2)
2023-02-03 12:00:00 AM,8236,iPhone|Dona (2)
2023-02-04 12:00:00 AM,9016,iPhone|Dona (2)
2023-02-05 12:00:00 AM,7492,iPhone|Dona (2)
2023-02-06 12:00:00 AM,10970,iPhone|Dona (2)
2023-02-07 12:00:00 AM,11379,iPhone|Dona (2)
2023-02-08 12:00:00 AM,6133,iPhone|Dona (2)
2023-02-09 12:00:00 AM,6408,iPhone|Dona (2)
2023-02-10 12:00:00 AM,9574,iPhone|Dona (2)
2023-02-11 12:00:00 AM,9678,iPhone|Dona (2)
2023-02-12 12:00:00 AM,28,iPhone|Dona (2)
2023-02-13 12:00:00 AM,8140,iPhone|Dona (2)
2023-02-14 12:00:00 AM,7586,iPhone|Dona (2)
2023-02-15 12:00:00 AM,7615,iPhone|Dona (2)
2023-02-16 12:00:00 AM,6311,iPhone|Dona (2)
2023-02-17 12:00:00 AM,8206,iPhone|Dona (2)
2023-02-18 12:00:00 AM,6422,iPhone|Dona (2)
2023-02-19 12:00:00 AM,4535,iPhone|Dona (2)
2023-02-20 12:00:00 AM,9188,iPhone|Dona (2)
2023-02-21 12:00:00 AM,7377,iPhone|Dona (2)
2023-02-22 12:00:00 AM,9633,iPhone|Dona (2)
2023-02-23 12:00:00 AM,8714,iPhone|Dona (2)
2023-02-24 12:00:00 AM,12913,iPhone|Dona (2)
2023-02-25 12:00:00 AM,7617,iPhone|Dona (2)
2023-02-26 12:00:00 AM,5407,iPhone|Dona (2)
2023-02-27 12:00:00 AM,9797,iPhone|Dona (2)
2023-02-28 12:00:00 AM,11576,iPhone|Dona (2)
2023-03-01 12:00:00 AM,7692,iPhone|Dona (2)
2023-03-02 12:00:00 AM,15072,iPhone|Dona (2)
2023-03-03 12:00:00 AM,9130,iPhone|Dona (2)
2023-03-04 12:00:00 AM,11101,iPhone|Dona (2)
2023-03-05 12:00:00 AM,4824,iPhone|Dona (2)
2023-03-06 12:00:00 AM,10198,iPhone|Dona (2)
2023-03-07 12:00:00 AM,9915,iPhone|Dona (2)
2023-03-08 12:00:00 AM,1547,iPhone|Dona (2)
2023-03-09 12:00:00 AM,6795,iPhone|Dona (2)
2023-03-10 12:00:00 AM,9353,iPhone|Dona (2)
2023-03-11 12:00:00 AM,9615,iPhone|Dona (2)
2023-03-12 12:00:00 AM,10121,iPhone|Dona (2)
2023-03-13 12:00:00 AM,10188,iPhone|Dona (2)
2023-03-14 12:00:00 AM,8123,iPhone|Dona (2)
2023-03-15 12:00:00 AM,8094,iPhone|Dona (2)
2023-03-16 12:00:00 AM,12790,iPhone|Dona (2)
2023-03-17 12:00:00 AM,9040,iPhone|Dona (2)
2023-03-18 12:00:00 AM,11522,iPhone|Dona (2)
2023-03-19 12:00:00 AM,3330,iPhone|Dona (2)
2023-03-20 12:00:00 AM,53,iPhone|Dona (2)
2023-03-21 12:00:00 AM,8198,iPhone|Dona (2)
2023-03-22 12:00:00 AM,3036,iPhone|Dona (2)
2023-03-23 12:00:00 AM,5777,iPhone|Dona (2)
2023-03-24 12:00:00 AM,7629,iPhone|Dona (2)
2023-03-25 12:00:00 AM,15382,iPhone|Dona (2)
2023-03-26 12:00:00 AM,10622,iPhone|Dona (2)
2023-03-27 12:00:00 AM,8223,iPhone|Dona (2)
2023-03-28 12:00:00 AM,13537,iPhone|Dona (2)
2023-03-29 12:00:00 AM,7236,iPhone|Dona (2)
2023-03-30 12:00:00 AM,7395,iPhone|Dona (2)
2023-03-31 12:00:00 AM,1859,iPhone|Dona (2)
2023-04-01 12:00:00 AM,5754,iPhone|Dona (2)
2023-04-02 12:00:00 AM,4963,iPhone|Dona (2)
2023-04-03 12:00:00 AM,15069,iPhone|Dona (2)
2023-04-04 12:00:00 AM,7397,iPhone|Dona (2)
2023-04-05 12:00:00 AM,5322,iPhone|Dona (2)
2023-04-06 12:00:00 AM,13181,iPhone|Dona (2)
2023-04-07 12:00:00 AM,9638,iPhone|Dona (2)
2023-04-08 12:00:00 AM,9758,iPhone|Dona (2)
2023-04-09 12:00:00 AM,11680,iPhone|Dona (2)
2023-04-10 12:00:00 AM,10819,iPhone|Dona (2)
2023-04-11 12:00:00 AM,8838,iPhone|Dona (2)
2023-04-12 12:00:00 AM,4743,iPhone|Dona (2)
2023-04-13 12:00:00 AM,5684,iPhone|Dona (2)
2023-04-14 12:00:00 AM,6747,iPhone|Dona (2)
2023-04-15 12:00:00 AM,5297,iPhone|Dona (2)
2023-04-16 12:00:00 AM,2312,iPhone|Dona (2)
2023-04-17 12:00:00 AM,7651,iPhone|Dona (2)
2023-04-18 12:00:00 AM,9682,iPhone|Dona (2)
2023-04-19 12:00:00 AM,9155,iPhone|Dona (2)
2023-04-20 12:00:00 AM,10528,iPhone|Dona (2)
2023-04-21 12:00:00 AM,10703,iPhone|Dona (2)
2023-04-22 12:00:00 AM,13267,iPhone|Dona (2)
2023-04-23 12:00:00 AM,17191,iPhone|Dona (2)
2023-04-24 12:00:00 AM,7022,iPhone|Dona (2)
2023-04-25 12:00:00 AM,10746,iPhone|Dona (2)
2023-04-26 12:00:00 AM,8778,iPhone|Dona (2)
2023-04-27 12:00:00 AM,9745,iPhone|Dona (2)
2023-04-28 12:00:00 AM,11158,iPhone|Dona (2)
2023-04-29 12:00:00 AM,10526,iPhone|Dona (2)
2023-04-30 12:00:00 AM,11928,iPhone|Dona (2)
2023-05-01 12:00:00 AM,8386,iPhone|Dona (2)
2023-05-02 12:00:00 AM,3816,iPhone|Dona (2)
2023-05-03 12:00:00 AM,7556,iPhone|Dona (2)
2023-05-04 12:00:00 AM,11071,iPhone|Dona (2)
2023-05-05 12:00:00 AM,11855,iPhone|Dona (2)
2023-05-06 12:00:00 AM,16708,iPhone|Dona (2)
2023-05-07 12:00:00 AM,11812,iPhone|Dona (2)
2023-05-08 12:00:00 AM,13878,iPhone|Dona (2)
2023-05-09 12:00:00 AM,6986,iPhone|Dona (2)
2023-05-10 12:00:00 AM,15744,iPhone|Dona (2)
2023-05-11 12:00:00 AM,12378,iPhone|Dona (2)
2023-05-12 12:00:00 AM,8569,iPhone|Dona (2)
2023-05-13 12:00:00 AM,20005,iPhone|Dona (2)
2023-05-14 12:00:00 AM,21086,iPhone|Dona (2)
2023-05-15 12:00:00 AM,7909,iPhone|Dona (2)
2023-05-16 12:00:00 AM,17095,iPhone|Dona (2)
2023-05-17 12:00:00 AM,15841,iPhone|Dona (2)
2023-05-18 12:00:00 AM,15727,iPhone|Dona (2)
2023-05-19 12:00:00 AM,22740,iPhone|Dona (2)
2023-05-20 12:00:00 AM,22940,iPhone|Dona (2)
2023-05-21 12:00:00 AM,13318,iPhone|Dona (2)
2023-05-22 12:00:00 AM,15222,iPhone|Dona (2)
2023-05-23 12:00:00 AM,11249,iPhone|Dona (2)
2023-05-24 12:00:00 AM,16965,iPhone|Dona (2)
2023-05-25 12:00:00 AM,8815,iPhone|Dona (2)
2023-05-26 12:00:00 AM,10740,iPhone|Dona (2)
2023-05-27 12:00:00 AM,8158,iPhone|Dona (2)
2023-05-28 12:00:00 AM,18357,iPhone|Dona (2)
2023-05-29 12:00:00 AM,20141,iPhone|Dona (2)
2023-05-30 12:00:00 AM,11404,iPhone|Dona (2)
2023-05-31 12:00:00 AM,18211,iPhone|Dona (2)
2023-06-01 12:00:00 AM,12762,iPhone|Dona (2)
2023-06-02 12:00:00 AM,27317,iPhone|Dona (2)
2023-06-03 12:00:00 AM,16027,iPhone|Dona (2)
2023-06-04 12:00:00 AM,7559,iPhone|Dona (2)
2023-06-05 12:00:00 AM,23215,iPhone|Dona (2)
2023-06-06 12:00:00 AM,13303,iPhone|Dona (2)
2023-06-07 12:00:00 AM,20736,iPhone|Dona (2)
2023-06-08 12:00:00 AM,12828,iPhone|Dona (2)
2023-06-09 12:00:00 AM,18681,iPhone|Dona (2)
2023-06-10 12:00:00 AM,16108,iPhone|Dona (2)
2023-06-11 12:00:00 AM,11803,iPhone|Dona (2)
2023-06-12 12:00:00 AM,14022,iPhone|Dona (2)
2023-06-13 12:00:00 AM,11443,iPhone|Dona (2)
2023-06-14 12:00:00 AM,6408,iPhone|Dona (2)
2023-06-15 12:00:00 AM,10926,iPhone|Dona (2)
2023-06-16 12:00:00 AM,8537,iPhone|Dona (2)
2023-06-17 12:00:00 AM,9705,iPhone|Dona (2)
2023-06-18 12:00:00 AM,10255,iPhone|Dona (2)
2023-06-19 12:00:00 AM,11664,iPhone|Dona (2)
2023-06-20 12:00:00 AM,8377,iPhone|Dona (2)
2023-06-21 12:00:00 AM,5239,iPhone|Dona (2)
2023-06-22 12:00:00 AM,5738,iPhone|Dona (2)
2023-06-23 12:00:00 AM,4549,iPhone|Dona (2)
2023-06-24 12:00:00 AM,6924,iPhone|Dona (2)
2023-06-25 12:00:00 AM,2571,iPhone|Dona (2)
2023-06-26 12:00:00 AM,7979,iPhone|Dona (2)
2023-06-27 12:00:00 AM,7892,iPhone|Dona (2)
2023-06-28 12:00:00 AM,2891,iPhone|Dona (2)
2023-06-29 12:00:00 AM,8203,iPhone|Dona (2)
2023-06-30 12:00:00 AM,4024,iPhone|Dona (2)
2023-07-01 12:00:00 AM,15194,iPhone|Dona (2)
2023-07-02 12:00:00 AM,14426,iPhone|Dona (2)
2023-07-03 12:00:00 AM,27402,iPhone|Dona (2)
2023-07-04 12:00:00 AM,18988,iPhone|Dona (2)
2023-07-05 12:00:00 AM,16583,iPhone|Dona (2)
2023-07-06 12:00:00 AM,22954,iPhone|Dona (2)
2023-07-07 12:00:00 AM,10011,iPhone|Dona (2)
2023-07-08 12:00:00 AM,6706,iPhone|Dona (2)
2023-07-09 12:00:00 AM,12694,iPhone|Dona (2)
2023-07-10 12:00:00 AM,20704,iPhone|Dona (2)
2023-07-11 12:00:00 AM,19909,iPhone|Dona (2)
2023-07-12 12:00:00 AM,7800,iPhone|Dona (2)
2023-07-13 12:00:00 AM,8355,iPhone|Dona (2)
2023-07-14 12:00:00 AM,16655,iPhone|Dona (2)
2023-07-15 12:00:00 AM,11458,iPhone|Dona (2)
2023-07-16 12:00:00 AM,16005,iPhone|Dona (2)
2023-07-17 12:00:00 AM,14698,iPhone|Dona (2)
2023-07-18 12:00:00 AM,12054,iPhone|Dona (2)
2023-07-19 12:00:00 AM,5713,iPhone|Dona (2)
2023-07-20 12:00:00 AM,7007,iPhone|Dona (2)
2023-07-21 12:00:00 AM,9749,iPhone|Dona (2)
2023-07-22 12:00:00 AM,8001,iPhone|Dona (2)
2023-07-23 12:00:00 AM,16284,iPhone|Dona (2)
2023-07-24 12:00:00 AM,13375,iPhone|Dona (2)
2023-07-25 12:00:00 AM,12421,iPhone|Dona (2)
2023-07-26 12:00:00 AM,18729,iPhone|Dona (2)
2023-07-27 12:00:00 AM,5712,iPhone|Dona (2)
2023-07-28 12:00:00 AM,12692,iPhone|Dona (2)
2023-07-29 12:00:00 AM,15134,iPhone|Dona (2)
2023-07-30 12:00:00 AM,14609,iPhone|Dona (2)
2023-07-31 12:00:00 AM,5912,iPhone|Dona (2)
2023-08-01 12:00:00 AM,6752,iPhone|Dona (2)
2023-08-02 12:00:00 AM,5826,iPhone|Dona (2)
2023-08-03 12:00:00 AM,9850,iPhone|Dona (2)
2023-08-04 12:00:00 AM,11191,iPhone|Dona (2)
2023-08-05 12:00:00 AM,12151,iPhone|Dona (2)
2023-08-06 12:00:00 AM,8966,iPhone|Dona (2)
2023-08-07 12:00:00 AM,8307,iPhone|Dona (2)
2023-08-08 12:00:00 AM,17520,iPhone|Dona (2)
2023-08-09 12:00:00 AM,6953,iPhone|Dona (2)
2023-08-10 12:00:00 AM,6451,iPhone|Dona (2)
2023-08-11 12:00:00 AM,12554,iPhone|Dona (2)
2023-08-12 12:00:00 AM,8753,iPhone|Dona (2)
2023-08-13 12:00:00 AM,9479,iPhone|Dona (2)
2023-08-14 12:00:00 AM,6017,iPhone|Dona (2)
2023-08-15 12:00:00 AM,9332,iPhone|Dona (2)
2023-08-16 12:00:00 AM,19309,iPhone|Dona (2)
2023-08-17 12:00:00 AM,4704,iPhone|Dona (2)
2023-08-18 12:00:00 AM,1328,iPhone|Dona (2)
2023-08-19 12:00:00 AM,22115,iPhone|Dona (2)
2023-08-20 12:00:00 AM,12632,iPhone|Dona (2)
2023-08-21 12:00:00 AM,23170,iPhone|Dona (2)
2023-08-22 12:00:00 AM,2061,iPhone|Dona (2)
2023-08-23 12:00:00 AM,22191,iPhone|Dona (2)
2023-08-24 12:00:00 AM,24375,iPhone|Dona (2)
2023-08-25 12:00:00 AM,9062,iPhone|Dona (2)
2023-08-26 12:00:00 AM,6698,iPhone|Dona (2)
2023-08-27 12:00:00 AM,10823,iPhone|Dona (2)
2023-08-28 12:00:00 AM,1489,iPhone|Dona (2)
2023-08-29 12:00:00 AM,6632,iPhone|Dona (2)
2023-08-30 12:00:00 AM,5605,iPhone|Dona (2)
2023-08-31 12:00:00 AM,8114,iPhone|Dona (2)
2023-09-01 12:00:00 AM,3531,iPhone|Dona (2)
2023-09-02 12:00:00 AM,17494,iPhone|Dona (2)
2023-09-03 12:00:00 AM,7651,iPhone|Dona (2)
2023-09-04 12:00:00 AM,9576,iPhone|Dona (2)
2023-09-05 12:00:00 AM,752,iPhone|Dona (2)
2023-09-06 12:00:00 AM,9085,iPhone|Dona (2)
2023-09-07 12:00:00 AM,9419,iPhone|Dona (2)
2023-09-08 12:00:00 AM,7317,iPhone|Dona (2)
2023-09-09 12:00:00 AM,1121,iPhone|Dona (2)
2023-09-10 12:00:00 AM,6061,iPhone|Dona (2)
2023-09-11 12:00:00 AM,6116,iPhone|Dona (2)
2023-09-12 12:00:00 AM,6243,iPhone|Dona (2)
2023-09-13 12:00:00 AM,3240,iPhone|Dona (2)
2023-09-14 12:00:00 AM,12149,iPhone|Dona (2)
2023-09-15 12:00:00 AM,18421,iPhone|Dona (2)
2023-09-16 12:00:00 AM,13934,iPhone|Dona (2)
2023-09-17 12:00:00 AM,5663,iPhone|Dona (2)
2023-09-18 12:00:00 AM,13347,iPhone|Dona (2)
2023-09-19 12:00:00 AM,19613,iPhone|Dona (2)
2023-09-20 12:00:00 AM,15802,iPhone|Dona (2)
2023-09-21 12:00:00 AM,8134,iPhone|Dona (2)
2023-09-22 12:00:00 AM,15280,iPhone|Dona (2)
2023-09-23 12:00:00 AM,8844,iPhone|Dona (2)
2023-09-24 12:00:00 AM,15428,iPhone|Dona (2)
2023-09-25 12:00:00 AM,12826,iPhone|Dona (2)
2023-09-26 12:00:00 AM,16040,iPhone|Dona (2)
2023-09-27 12:00:00 AM,17030,iPhone|Dona (2)
2023-09-28 12:00:00 AM,13186,iPhone|Dona (2)
2023-09-29 12:00:00 AM,12219,iPhone|Dona (2)
2023-09-30 12:00:00 AM,5134,iPhone|Dona (2)
2023-10-01 12:00:00 AM,20704,iPhone|Dona (2)
2023-10-02 12:00:00 AM,8398,iPhone|Dona (2)
2023-10-03 12:00:00 AM,5612,iPhone|Dona (2)
2023-10-04 12:00:00 AM,7459,iPhone|Dona (2)
2023-10-05 12:00:00 AM,11728,iPhone|Dona (2)
2023-10-06 12:00:00 AM,6496,iPhone|Dona (2)
2023-10-07 12:00:00 AM,22323,iPhone|Dona (2)
2023-10-08 12:00:00 AM,6432,iPhone|Dona (2)
2023-10-09 12:00:00 AM,5749,iPhone|Dona (2)
2023-10-10 12:00:00 AM,10662,iPhone|Dona (2)
2023-10-11 12:00:00 AM,7967,iPhone|Dona (2)
2023-10-12 12:00:00 AM,10096,iPhone|Dona (2)
2023-10-13 12:00:00 AM,4498,iPhone|Dona (2)
2023-10-14 12:00:00 AM,10918,iPhone|Dona (2)
2023-10-15 12:00:00 AM,16745,iPhone|Dona (2)
2023-10-16 12:00:00 AM,5510,iPhone|Dona (2)
2023-10-17 12:00:00 AM,6568,iPhone|Dona (2)
2023-10-18 12:00:00 AM,3091,iPhone|Dona (2)
2023-10-19 12:00:00 AM,8676,iPhone|Dona (2)
2023-10-20 12:00:00 AM,10375,iPhone|Dona (2)
2023-10-21 12:00:00 AM,2780,iPhone|Dona (2)
2023-10-22 12:00:00 AM,4301,iPhone|Dona (2)
2023-10-23 12:00:00 AM,1408,iPhone|Dona (2)
2023-10-24 12:00:00 AM,3411,iPhone|Dona (2)
2023-10-25 12:00:00 AM,5341,iPhone|Dona (2)
2023-10-26 12:00:00 AM,7307,iPhone|Dona (2)
2023-10-27 12:00:00 AM,10146,iPhone|Dona (2)
2023-10-28 12:00:00 AM,9725,iPhone|Dona (2)
2023-10-29 12:00:00 AM,3552,iPhone|Dona (2)
2023-10-30 12:00:00 AM,7848,iPhone|Dona (2)
2023-10-31 12:00:00 AM,4036,iPhone|Dona (2)
2023-11-01 12:00:00 AM,5946,iPhone|Dona (2)
2023-11-02 12:00:00 AM,8214,iPhone|Dona (2)
2023-11-03 12:00:00 AM,11797,iPhone|Dona (2)
2023-11-04 12:00:00 AM,8492,iPhone|Dona (2)
2023-11-05 12:00:00 AM,4033,iPhone|Dona (2)
2023-11-06 12:00:00 AM,16725,iPhone|Dona (2)
2023-11-07 12:00:00 AM,12336,iPhone|Dona (2)
2023-11-08 12:00:00 AM,3030,iPhone|Dona (2)
2023-11-09 12:00:00 AM,12031,iPhone|Dona (2)
2023-11-10 12:00:00 AM,13932,iPhone|Dona (2)
2023-11-11 12:00:00 AM,18287,iPhone|Dona (2)
2023-11-12 12:00:00 AM,1593,iPhone|Dona (2)
2023-11-13 12:00:00 AM,15478,iPhone|Dona (2)
2023-11-14 12:00:00 AM,3949,iPhone|Dona (2)
2023-11-15 12:00:00 AM,3036,iPhone|Dona (2)
2023-11-16 12:00:00 AM,9557,iPhone|Dona (2)
2023-11-17 12:00:00 AM,9572,iPhone|Dona (2)
2023-11-18 12:00:00 AM,7484,iPhone|Dona (2)
2023-11-19 12:00:00 AM,4125,iPhone|Dona (2)
2023-11-20 12:00:00 AM,3575,iPhone|Dona (2)
2023-11-21 12:00:00 AM,3855,iPhone|Dona (2)
2023-11-22 12:00:00 AM,3802,iPhone|Dona (2)
2023-11-23 12:00:00 AM,5401,iPhone|Dona (2)
2023-11-24 12:00:00 AM,21014,iPhone|Dona (2)
2023-11-25 12:00:00 AM,17892,iPhone|Dona (2)
2023-11-26 12:00:00 AM,586,iPhone|Dona (2)
2023-11-27 12:00:00 AM,10161,iPhone|Dona (2)
2023-11-28 12:00:00 AM,4572,iPhone|Dona (2)
2023-11-29 12:00:00 AM,4813,iPhone|Dona (2)
2023-11-30 12:00:00 AM,10166,iPhone|Dona (2)
2023-12-01 12:00:00 AM,5615,iPhone|Dona (2)
2023-12-02 12:00:00 AM,1254,iPhone|Dona (2)
2023-12-03 12:00:00 AM,7562,iPhone|Dona (2)
2023-12-04 12:00:00 AM,1243,iPhone|Dona (2)
2023-12-05 12:00:00 AM,6155,iPhone|Dona (2)
2023-12-06 12:00:00 AM,15381,iPhone|Dona (2)
2023-12-07 12:00:00 AM,3156,iPhone|Dona (2)
2023-12-08 12:00:00 AM,1796,iPhone|Dona (2)
2023-12-09 12:00:00 AM,3693,iPhone|Dona (2)
2023-12-10 12:00:00 AM,3052,iPhone|Dona (2)
2023-12-11 12:00:00 AM,7504,iPhone|Dona (2)
2023-12-12 12:00:00 AM,14946,iPhone|Dona (2)
2023-12-13 12:00:00 AM,11245,iPhone|Dona (2)
2023-12-14 12:00:00 AM,4163,iPhone|Dona (2)
2023-12-15 12:00:00 AM,10338,iPhone|Dona (2)
2023-12-16 12:00:00 AM,9958,iPhone|Dona (2)
2023-12-17 12:00:00 AM,25703,iPhone|Dona (2)
2023-12-18 12:00:00 AM,16888,iPhone|Dona (2)
2023-12-19 12:00:00 AM,23920,iPhone|Dona (2)
2023-12-20 12:00:00 AM,18558,iPhone|Dona (2)
2023-12-21 12:00:00 AM,6777,iPhone|Dona (2)
2023-12-22 12:00:00 AM,9001,iPhone|Dona (2)
2023-12-23 12:00:00 AM,3955,iPhone|Dona (2)
2023-12-24 12:00:00 AM,3383,iPhone|Dona (2)
2023-12-25 12:00:00 AM,9103,iPhone|Dona (2)
2023-12-26 12:00:00 AM,8060,iPhone|Dona (2)
2023-12-27 12:00:00 AM,6948,iPhone|Dona (2)
2023-12-28 12:00:00 AM,9845,iPhone|Dona (2)
2023-12-29 12:00:00 AM,968,iPhone|Dona (2)
2023-12-30 12:00:00 AM,4031,iPhone|Dona (2)
2023-12-31 12:00:00 AM,5262,iPhone|Dona (2)
2024-01-01 12:00:00 AM,12777,iPhone|Dona (2)
2024-01-02 12:00:00 AM,10413,iPhone|Dona (2)
2024-01-03 12:00:00 AM,8749,iPhone|Dona (2)
2024-01-04 12:00:00 AM,9776,iPhone|Dona (2)
2024-01-05 12:00:00 AM,11339,iPhone|Dona (2)
2024-01-06 12:00:00 AM,10973,iPhone|Dona (2)
2024-01-07 12:00:00 AM,12668,iPhone|Dona (2)
2024-01-08 12:00:00 AM,7664,iPhone|Dona (2)
2024-01-09 12:00:00 AM,7718,iPhone|Dona (2)
2024-01-10 12:00:00 AM,14776,iPhone|Dona (2)
2024-01-11 12:00:00 AM,9255,iPhone|Dona (2)
2024-01-12 12:00:00 AM,16371,iPhone|Dona (2)
2024-01-13 12:00:00 AM,9288,iPhone|Dona (2)
2024-01-14 12:00:00 AM,12219,iPhone|Dona (2)
2024-01-15 12:00:00 AM,14053,iPhone|Dona (2)
2024-01-16 12:00:00 AM,11842,iPhone|Dona (2)
2024-01-17 12:00:00 AM,6667,iPhone|Dona (2)
2024-01-18 12:00:00 AM,9020,iPhone|Dona (2)
2024-01-19 12:00:00 AM,10528,iPhone|Dona (2)
2024-01-20 12:00:00 AM,12540,iPhone|Dona (2)
2024-01-21 12:00:00 AM,8042,iPhone|Dona (2)
2024-01-22 12:00:00 AM,13475,iPhone|Dona (2)
2024-01-23 12:00:00 AM,11391,iPhone|Dona (2)
2024-01-24 12:00:00 AM,12776,iPhone|Dona (2)
